,Unnamed: 0,GLOF,Latitude,Longitude,Year_final,area_t2,area_t1,expansion_ha_peryr,glacier_area_ha,slope_glac_to_lake,glacier_contact,glacier_touch_count,nearest_glacier_dist_m,glacier_elev_m
0,0,1,42.522,74.609,1984,,,,536.1258049091829,0.0,1,1,0.0,3466.0
1,1,1,42.207,79.846,1984,,,,396.1181564714431,-0.09858711683460882,0,0,446.30577922077833,3269.0
2,2,1,35.677,77.193,1984,,,,9444.515664037286,-0.0038579849693398988,0,0,1036.8106749478602,4779.0
3,3,1,29.307,83.967,1985,,,,,,False,0,,
4,4,1,36.039,74.633,1985,,,,6998.712273472919,0.0,1,2,0.0,3301.0
5,5,1,41.975,76.867,1985,,,,38.45730522148446,-0.14436908350912186,0,0,768.8626768416559,3632.0
6,6,1,27.874,86.586,1985,,,,652.4807286503942,0.0,1,2,0.0,4368.0
7,7,1,42.207,79.846,1985,,,,396.1181564714431,-0.09858711683460882,0,0,446.30577922077833,3269.0
8,8,1,36.414,74.879,1986,,,,2339.676628642733,-0.31223125918865346,0,0,198.5707650192031,2501.0
9,9,1,27.586,88.027,1986,,,,29403.15464671952,0.0,1,1,0.0,4437.0
10,10,1,42.923,76.602,1986,,,,4.939867729628562,-0.3871555158193445,0,0,446.84885771000023,3423.0
11,11,1,42.207,79.846,1986,,,,396.1181564714431,-0.09858711683460882,0,0,446.30577922077833,3269.0
12,11,1,42.207,79.846,1986,,,,396.1181564714431,-0.09858711683460882,0,0,446.30577922077833,3269.0
13,12,1,35.677,77.193,1986,,,,9444.515664037286,-0.0038579849693398988,0,0,1036.8106749478602,4779.0
14,13,1,42.207,79.846,1986,,,,396.1181564714431,-0.09858711683460882,0,0,446.30577922077833,3269.0
15,13,1,42.207,79.846,1986,,,,396.1181564714431,-0.09858711683460882,0,0,446.30577922077833,3269.0
16,14,1,35.677,77.193,1987,,,,9444.515664037286,-0.0038579849693398988,0,0,1036.8106749478602,4779.0
17,15,1,42.207,79.846,1987,,,,396.1181564714431,-0.09858711683460882,0,0,446.30577922077833,3269.0
18,16,1,31.295,78.332,1988,,,,2174.177552325243,0.0,1,1,0.0,4589.0
19,17,1,42.522,74.609,1988,,,,536.1258049091829,0.0,1,1,0.0,3466.0
20,18,1,42.505,74.505,1988,,,,34.90153742729403,-0.7132936180341579,0,0,1375.3102161542433,3343.0
21,19,1,29.288,83.868,1988,,,,172.76507021451545,0.0,1,1,0.0,5372.0
22,20,1,38.632,72.146,1988,,,,2338.3797655652165,0.05603288529304519,0,0,642.4798546732757,2992.0
23,21,1,42.537,74.431,1988,,,,15.213456542195205,-0.21958834807581923,0,0,318.77829863645803,3581.0
24,22,1,42.923,76.602,1988,,,,4.939867729628562,-0.3871555158193445,0,0,446.84885771000023,3423.0
25,23,1,29.466,96.501,1988,39.48224785238666,,,8463.2036070988,0.0,1,1,0.0,3847.0
26,24,1,29.554,92.785,1988,1.2496670301064876,,,12.903958847574634,-0.1920419538237181,0,0,1635.059390659144,5042.0
27,25,1,42.207,79.846,1988,,,,396.1181564714431,-0.09858711683460882,0,0,446.30577922077833,3269.0
28,26,1,42.207,79.846,1989,,,,396.1181564714431,-0.09858711683460882,0,0,446.30577922077833,3269.0
29,26,1,42.207,79.846,1989,,,,396.1181564714431,-0.09858711683460882,0,0,446.30577922077833,3269.0
30,27,1,42.207,79.846,1989,,,,396.1181564714431,-0.09858711683460882,0,0,446.30577922077833,3269.0
31,27,1,42.207,79.846,1989,,,,396.1181564714431,-0.09858711683460882,0,0,446.30577922077833,3269.0
32,28,1,36.75,74.01,1990,112.86324856398473,,,3024.0856081336437,0.0,1,1,0.0,3787.0
33,29,1,35.496,76.27,1990,163.5594107701218,,,14962.102056656824,0.0,1,1,0.0,3943.0
34,30,1,35.253,77.311,1990,116.53553645936564,,,192.9933699194905,0.0,1,3,0.0,5314.0
35,31,1,43.171,77.295,1990,,,,12.744659907242443,-0.3315948036036578,0,0,3148.420869851302,2413.0
36,32,1,42.207,79.846,1990,343.4917595497103,,,121243.04376581847,0.0,1,3,0.0,3300.0
37,33,1,27.965,88.895,1990,28.314803870102057,,,3879.1784578149714,0.0,1,1,0.0,5430.0
38,34,1,28.087,90.326,1990,137.46407603982811,,,3425.334834489212,0.0,1,3,0.0,4996.0
39,35,1,27.877,86.461,1991,53.189577362696376,,,8079.930665402611,0.0,1,1,0.0,4558.0
40,36,1,42.207,79.846,1991,343.4917595497103,,,121243.04376581847,0.0,1,3,0.0,3300.0
41,37,1,35.93,74.609,1992,10.905839352488773,,,75.13834104235754,0.7556705616207593,0,0,116.45286248978383,4670.0
42,38,1,36.043,74.571,1992,,,,7831.7386324570325,0.0,1,1,0.0,2648.0
43,39,1,42.923,76.602,1992,6.641361243816792,,,4.939867729628562,-0.17112752120728394,0,0,724.605832686613,3488.0
44,40,1,42.207,79.846,1992,283.83073842078556,,,121243.04376581847,0.0,1,3,0.0,3300.0
45,41,1,29.748,96.538,1992,53.25631686653518,,,459.87038719892183,0.0,1,3,0.0,5207.0
46,42,1,27.929,86.447,1992,302.6159034440116,,,3625.469075651645,0.0,1,3,0.0,5260.0
47,43,1,27.557,88.111,1992,10.667322214308657,,,1677.5547166923893,0.0,1,1,0.0,4713.0
48,44,1,42.528,74.54,1993,36.58949227188008,,,301.8810837243457,0.0,1,2,0.0,4124.0
49,45,1,42.537,74.431,1993,0.5293363219948779,,,4.801137254842468,-0.19612384586904383,0,0,479.28898999240437,3604.0
50,46,1,36.84,73.92,1993,52.180656919216666,,,11255.181771618782,0.0,1,1,0.0,3815.0
51,47,1,35.496,76.27,1993,0.2193932690453487,,,77.76671009560117,0.0,1,1,0.0,4499.0
52,48,1,42.522,74.609,1993,83.33647789930858,,,536.1258049091829,0.0,1,1,0.0,3569.0
53,49,1,35.253,77.311,1993,1.9060637591359064,,,31140.745454374854,0.0,1,1,0.0,4561.0
54,50,1,43.146,77.271,1993,0.7862521003400469,,,4.550561231949285,-0.547646505224627,0,0,416.32695146384935,3408.0
55,51,1,36.033,73.197,1993,38.48798521714529,,,14.602316349202177,0.0,1,1,0.0,4700.0
56,52,1,42.207,79.846,1993,19.15788572354551,,,396.1181564714431,-0.12577443546269168,0,0,373.6848416540224,3268.0
57,53,1,30.356,82.118,1994,17.902470307803707,,,1260.7187797021004,0.0,1,1,0.0,5582.0
58,54,1,36.62,74.07,1994,0.144143080179491,,,8188.8530821222885,-0.13682657099896675,0,0,175.40452724040887,2863.0
59,55,1,36.027,73.196,1994,3.994105459561251,,,14.602316349202177,0.0,1,1,0.0,4721.0
60,56,1,42.97,77.03,1994,,,,220.07365682083116,-0.06853985872909343,0,0,408.5214139508389,3584.0
61,57,1,42.207,79.846,1994,255.90156838724903,,,121243.04376581847,0.0,1,3,0.0,3276.0
62,58,1,28.092,90.3,1994,24.399810180007837,,,2094.2350308936216,0.0,1,1,0.0,4513.0
63,59,1,28.802,91.937,1995,10.308361841841451,,,861.8307921730309,0.0,1,1,0.0,5203.0
64,60,1,28.662,85.37,1995,6.776400653457245,,,1234.0603741806729,0.0,1,2,0.0,4732.0
65,61,1,43.0,77.1,1995,0.1970399153203944,,,149.5953499162941,-0.2483532523646469,0,0,36.23870400048423,3647.0
66,62,1,42.207,79.846,1995,251.64477126048612,,,121243.04376581847,0.0,1,3,0.0,3266.0
67,63,1,28.663,85.478,1995,20.490726987090863,,,1027.6226055786458,0.0,1,1,0.0,5135.0
68,64,1,36.5,75.22,1996,1.7328530072273267,,,32873.35872491452,0.0,1,1,0.0,3136.0
69,65,1,43.08,77.15,1996,8.394317754878163,,,120.7850516719826,0.0,1,2,0.0,4079.0
70,66,1,27.705,92.387,1996,5.6447845269314225,,,313.8026622573356,0.0,1,1,0.0,5009.0
71,67,1,42.207,79.846,1996,206.6180926876256,,,121243.04376581847,0.0,1,3,0.0,3268.0
72,68,1,27.901,88.782,1997,48.80677407892184,,,1411.4292070262454,0.0,1,3,0.0,5151.0
73,69,1,43.08,77.15,1997,8.394317754878163,,,120.7850516719826,0.0,1,2,0.0,4079.0
74,70,1,43.04,77.04,1997,12.864760102268743,,,132.73643859648095,0.0,1,2,0.0,3675.0
75,71,1,43.016,77.024,1997,12.864760102268743,,,132.73643859648095,0.0,1,2,0.0,3675.0
76,72,1,42.207,79.846,1997,241.94075885930897,,,120846.92560934702,0.0,1,2,0.0,3268.0
77,73,1,35.677,77.193,1997,0.9482907427474104,,,27626.56738116892,0.0,1,1,0.0,4887.0
78,74,1,43.006,76.566,1997,0.0656622069793875,,,,,False,0,,
79,75,1,27.903,90.418,1997,2.0631761220566043,,,49.25855174066616,-0.3340032651617268,0,0,377.2418210911498,5151.0
80,76,1,27.899,90.807,1998,39.91989250098235,14.363512062263148,5.111276087743841,435.01389673558,-0.3533546203053647,0,0,93.3905999912547,4727.0
81,77,1,42.923,76.602,1998,9.073997979125954,,,4.060653348751401,-0.06963342550899276,0,0,732.4068811380482,3554.0
82,78,1,39.75,71.568,1998,7.25056128161129,,,214.21974843524947,0.0,1,1,0.0,4293.0
83,79,1,42.207,79.846,1998,238.9480543757374,,,120846.92560934702,0.0,1,2,0.0,3305.0
84,80,1,27.743,86.845,1998,44.66578150883017,130.43752941137186,-17.154349580508335,994.2372204530941,0.0,1,1,0.0,4429.0
85,81,1,27.955,86.776,1998,6.503130631658225,8.16855959619509,-0.333085792907373,11626.125066732258,0.0,1,2,0.0,5324.0
86,82,1,35.677,77.193,1998,87.97260670634473,,,27626.56738116892,0.0,1,1,0.0,4843.0
87,83,1,42.528,74.54,1999,116.18082974355912,1.1248723496573092,23.011191478780365,770.2473694736645,0.0,1,1,0.0,4024.0
88,84,1,36.342,75.479,1999,0.2893841692208727,,,53385.61402318674,0.0,1,2,0.0,3570.0
89,85,1,42.522,74.609,1999,34.55397865341369,6.024296192598503,5.705936492163037,536.1258049091829,0.0,1,1,0.0,3810.0
90,86,1,42.207,79.846,1999,200.7631941465663,,,120846.92560934702,0.0,1,2,0.0,3294.0
91,87,1,35.677,77.193,1999,190.82678777416197,,,27626.56738116892,0.0,1,1,0.0,4843.0
92,88,1,42.522,74.609,2000,124.83972952546176,293.47643252525455,-33.727340599958566,536.1258049091829,0.0,1,1,0.0,4200.0
93,89,1,35.253,77.311,2000,72.53530807585625,116.53553645936564,-8.800045676701876,240.10839387070683,0.0,1,4,0.0,5762.0
94,90,1,36.84,73.92,2000,19.69521972859104,56.48900136724082,-7.358756327729955,11255.181771618782,0.0,1,1,0.0,3987.0
95,91,1,36.342,75.479,2000,0.2893841692208727,97.22182264515936,-19.3864876951877,53385.61402318674,0.0,1,2,0.0,3570.0
96,92,1,42.207,79.846,2000,2.460605715311892,343.4917595497103,-68.20623076687968,15.30288523289357,-0.580577664075845,0,0,737.1968067033446,3331.0
97,93,1,35.496,76.27,2000,38.9731571289951,163.5594107701218,-24.917250728225337,14962.102056656824,0.0,1,1,0.0,4001.0
98,94,1,36.342,75.479,2001,0.2893841692208727,12.94959216609016,-2.5320415993738576,53385.61402318674,0.0,1,2,0.0,3570.0
99,95,1,42.207,79.846,2001,2.5271084134991435,343.4917595497103,-68.19293022724223,15.30288523289357,-0.580577664075845,0,0,737.1968067033446,3331.0
100,96,1,28.211,89.745,2001,74.54239536871982,42.96808432555346,6.314862208633272,1140.8681160207914,0.0,1,2,0.0,5104.0
101,97,1,28.139,85.92,2002,42.44994977871511,15.522537716195504,5.385482412503921,1072.9266470242585,0.0,1,2,0.0,4968.0
102,98,1,36.35,74.57,2002,0.5784413877739918,,,10772.70117108293,0.0,1,3,0.0,2944.0
103,99,1,35.253,77.311,2002,0.3665723468038601,70.04064642666378,-13.934814815971984,4.77584455649814,-0.429884039493424,0,0,334.9740552584595,5192.0
104,100,1,36.342,75.479,2002,,12.94959216609016,,12114.925020240149,-0.17040878711710727,0,0,152.57429173609717,3475.0
105,100,1,36.342,75.479,2002,,12.94959216609016,,12114.925020240149,-0.17040878711710727,0,0,152.57429173609717,3475.0
106,101,1,42.207,79.846,2002,,283.83073842078556,,396.1181564714431,-0.09858711683460882,0,0,446.30577922077833,3269.0
107,102,1,37.22,71.734,2002,69.72871314311578,1.3586706184615462,13.674008504930848,93.89462889136958,0.0,1,3,0.0,4723.0
108,103,1,35.677,77.193,2002,0.5107309520446435,1.5319452810557528,-0.2042428658022218,9711.114969629114,0.0,0,0,6.440833840708602,4934.0
109,104,1,36.342,75.479,2002,,12.94959216609016,,12114.925020240149,-0.17040878711710727,0,0,152.57429173609717,3475.0
110,104,1,36.342,75.479,2002,,12.94959216609016,,12114.925020240149,-0.17040878711710727,0,0,152.57429173609717,3475.0
111,105,1,36.613,73.896,2002,852.5117202062428,718.569372801813,26.788469480885965,4537.102561913929,0.0,1,3,0.0,4514.0
112,106,1,30.684,94.324,2002,15.679550436656816,52.215364012696206,-7.307162715207878,4397.202677950341,0.0,1,1,0.0,4376.0
113,107,1,29.632,93.546,2002,40.04299754481685,39.7307566682255,0.0624481753182692,18.341674630667168,-0.4187659432073451,0,0,950.4115758595411,4567.0
114,108,1,34.477,76.971,2003,5.551901061891213,0.2961596694688904,1.0511482784844646,370.84046975806376,0.0,1,1,0.0,5188.0
115,109,1,42.522,74.609,2003,,83.33647789930858,,536.1258049091829,0.0,1,1,0.0,3466.0
116,110,1,36.342,75.479,2003,,0.0723484818210193,,12114.925020240149,-0.17040878711710727,0,0,152.57429173609717,3475.0
117,111,1,42.207,79.846,2003,,19.15788572354551,,396.1181564714431,-0.09858711683460882,0,0,446.30577922077833,3269.0
118,112,1,36.84,73.92,2004,,4.025214450431452,,3568.324753033535,0.0,0,0,4.149001323136527,3551.0
119,113,1,30.267,81.474,2004,,0.4654116099567063,,1182.5315243578225,0.0,1,1,0.0,5363.0
120,114,1,42.207,79.846,2004,,255.90156838724903,,396.1181564714431,-0.09858711683460882,0,0,446.30577922077833,3269.0
121,115,1,35.677,77.193,2004,,2.115561644336565,,9444.515664037286,-0.0038579849693398988,0,0,1036.8106749478602,4779.0
122,116,1,36.384,72.706,2005,,7.735490543168555,,62.786733425222515,-0.15858913270860783,0,0,88.27843220331903,4403.0
123,117,1,42.537,74.427,2005,,2.18406692800487,,15.213456542195205,-0.11865005748394947,0,0,438.26358876424786,3600.0
124,118,1,42.207,79.846,2005,,251.64477126048612,,396.1181564714431,-0.09858711683460882,0,0,446.30577922077833,3269.0
125,119,1,43.128,77.509,2005,,17.039898654435284,,451.6630229969171,-0.09641686107867666,0,0,165.94607852815201,3542.0
126,120,1,36.027,73.196,2005,,18.881173236648554,,5.679545589936141,0.13145742325993504,0,0,144.533488705546,4762.0
127,121,1,35.677,77.193,2005,,3.0639965340264927,,9444.515664037286,-0.0038579849693398988,0,0,1036.8106749478602,4779.0
128,122,1,29.752,96.465,2006,11.304360025361008,10.602655169368129,0.1403409711985762,308.64900313465694,0.0,0,0,3.2705032253926034,5080.0
129,123,1,30.267,81.474,2006,,3.8003486382175784,,1182.5315243578225,0.0,1,1,0.0,5363.0
130,124,1,41.859,76.995,2006,,48.60713008134497,,23.150194426182768,0.0,1,1,0.0,3861.0
131,125,1,42.207,79.846,2006,,206.6180926876256,,396.1181564714431,-0.09858711683460882,0,0,446.30577922077833,3269.0
132,126,1,35.677,77.193,2006,,3.0639965340264927,,9444.515664037286,-0.0038579849693398988,0,0,1036.8106749478602,4779.0
133,127,1,36.428,74.806,2007,,45.304623528113,,7518.40795003588,0.0,1,1,0.0,3090.0
134,128,1,30.267,81.474,2007,,5.584118161568926,,1182.5315243578225,0.0,1,1,0.0,5363.0
135,129,1,42.207,79.846,2007,5.188979638237347,241.94075885930897,-47.35035584421432,37334.18715891103,-0.025687250079604203,0,0,545.0174680673999,3262.0
136,130,1,28.278,90.225,2007,97.42889195877902,95.6100981975232,0.3637587522511609,9308.514278229808,0.0,1,1,0.0,5303.0
137,131,1,36.457,74.879,2008,,8.161456042198726,,6222.494125174963,-0.02666323303069467,0,0,225.02897503437822,2551.0
138,132,1,36.428,74.806,2008,,52.746731912870096,,7518.40795003588,0.0,1,1,0.0,3090.0
139,132,1,36.428,74.806,2008,,52.746731912870096,,7518.40795003588,0.0,1,1,0.0,3090.0
140,132,1,36.428,74.806,2008,,52.746731912870096,,7518.40795003588,0.0,1,1,0.0,3090.0
141,132,1,36.428,74.806,2008,,52.746731912870096,,7518.40795003588,0.0,1,1,0.0,3090.0
142,133,1,36.428,74.806,2008,,52.746731912870096,,7518.40795003588,0.0,1,1,0.0,3090.0
143,133,1,36.428,74.806,2008,,52.746731912870096,,7518.40795003588,0.0,1,1,0.0,3090.0
144,133,1,36.428,74.806,2008,,52.746731912870096,,7518.40795003588,0.0,1,1,0.0,3090.0
145,133,1,36.428,74.806,2008,,52.746731912870096,,7518.40795003588,0.0,1,1,0.0,3090.0
146,134,1,36.428,74.806,2008,,52.746731912870096,,7518.40795003588,0.0,1,1,0.0,3090.0
147,134,1,36.428,74.806,2008,,52.746731912870096,,7518.40795003588,0.0,1,1,0.0,3090.0
148,134,1,36.428,74.806,2008,,52.746731912870096,,7518.40795003588,0.0,1,1,0.0,3090.0
149,134,1,36.428,74.806,2008,,52.746731912870096,,7518.40795003588,0.0,1,1,0.0,3090.0
150,135,1,35.677,77.193,2008,,87.97260670634473,,9444.515664037286,-0.0038579849693398988,0,0,1036.8106749478602,4779.0
151,136,1,30.267,81.474,2008,,5.97191738548384,,1182.5315243578225,0.0,1,1,0.0,5363.0
152,137,1,36.428,74.806,2008,,52.746731912870096,,7518.40795003588,0.0,1,1,0.0,3090.0
153,137,1,36.428,74.806,2008,,52.746731912870096,,7518.40795003588,0.0,1,1,0.0,3090.0
154,137,1,36.428,74.806,2008,,52.746731912870096,,7518.40795003588,0.0,1,1,0.0,3090.0
155,137,1,36.428,74.806,2008,,52.746731912870096,,7518.40795003588,0.0,1,1,0.0,3090.0
156,138,1,42.207,79.846,2008,2.660115178646293,238.9480543757374,-47.25758783941822,15.30288523289357,-0.5777433373448084,0,0,730.4281550686966,3334.0
157,139,1,41.941,77.017,2008,3.1389946298207425,77.9624335004139,-14.96468777411863,411.9674860615904,0.0,1,1,0.0,3643.0
158,140,1,28.323,97.835,2008,4.74310668536486,1.3435307451990774,0.6799151880331565,2.8687833282970057,-0.1894367083474666,0,0,1034.6463560826603,4174.0
159,141,1,42.207,79.846,2009,18.69417542859816,200.7631941465663,-36.413803743593625,37334.18715891103,-0.045838880284998794,0,0,43.63108321069786,3263.0
160,142,1,37.094,71.637,2009,0.8596846222362232,25.644598287300443,-4.956982733012844,22.073896283016634,-0.2841633576411581,0,0,63.34384612223799,4495.0
161,143,1,36.043,74.571,2009,,0.2903746123151355,,7831.7386324570325,0.0,1,1,0.0,2648.0
162,144,1,36.428,74.806,2009,0.361304071158535,30.136992058908863,-5.955137597550065,3058.7395123229167,1.4025046572346092,0,0,459.17851087197675,3925.0
163,145,1,28.101,90.164,2009,5.30727775284766,0.5544105349321113,0.9505734435831098,11985.498857222092,0.0,1,1,0.0,4280.0
164,146,1,30.267,81.474,2009,10.858059427184449,6.359697959772357,0.8996722934824183,3563.976508692848,0.0,1,1,0.0,5597.0
165,147,1,36.784,74.004,2009,0.6473043636797607,0.2877101387682335,0.0719188449823054,1180.3473959088044,-0.17240457045685006,0,0,197.21054905855655,3353.0
166,148,1,35.677,77.193,2009,0.0729635463107982,190.82678777416197,-38.15076484557024,27626.56738116892,0.0,1,1,0.0,4960.0
167,149,1,30.83,94.0,2009,9.25545604365834,17.966897655724345,-1.742288322413201,228.95798326357772,-0.47011326946542864,0,0,159.53602008571974,4743.0
168,150,1,28.087,90.326,2009,133.18714099835577,90.79709562487412,8.478009074696327,3425.334834489212,0.0,1,3,0.0,5080.0
169,151,1,35.93,74.609,2010,0.4363043511873737,13.961905599126244,-2.705120249587774,4.808953988198107,1.2460748128247217,0,0,25.680641058348122,4731.0
170,152,1,36.039,74.633,2010,0.3630657056100978,,,9422.807452033634,0.0,1,1,0.0,3328.0
171,153,1,36.546,73.353,2010,0.7213454621504333,20.56461839249586,-3.9686545860690847,80.88699587461582,0.0,1,1,0.0,5024.0
172,154,1,42.522,74.609,2010,137.08298087576495,124.83972952546176,2.448650270060645,536.1258049091829,0.0,1,1,0.0,3559.0
173,155,1,36.342,75.479,2010,3.255523555462977,0.2893841692208727,0.593227877248421,53385.61402318674,0.0,1,2,0.0,3555.0
174,156,1,42.207,79.846,2010,29.47220629789011,2.460605715311892,5.402320116515645,120846.92560934702,0.0,1,2,0.0,3276.0
175,157,1,36.043,74.571,2010,,0.2903746123151355,,7831.7386324570325,0.0,1,1,0.0,2648.0
176,158,1,27.951,87.985,2010,46.887034525872494,47.36303840554683,-0.0952007759348674,1387.6835949844196,0.0,1,1,0.0,5353.0
177,159,1,36.174,71.898,2010,0.2899713168023337,8.333498910781254,-1.6087055187957842,2289.1125398889712,0.0,1,1,0.0,4854.0
178,160,1,33.019,78.488,2010,4.819715586937388,22.516172532332813,-3.539291389079085,1399.0534513109535,0.0,1,1,0.0,6015.0
179,161,1,42.207,79.846,2011,108.83409737057556,2.5271084134991435,21.26139779141528,120846.92560934702,0.0,1,2,0.0,3272.0
180,162,1,35.411,77.604,2011,71.42660876598136,56.27545552061779,3.0302306490727133,137158.2887612841,0.0,1,1,0.0,5107.0
181,163,1,30.267,81.474,2011,5.894448782350438,5.739273375510285,0.0310350813680306,3563.976508692848,0.0,1,1,0.0,5614.0
182,164,1,42.207,79.846,2012,91.87094546371918,,,120846.92560934702,0.0,1,2,0.0,3272.0
183,165,1,36.027,73.196,2012,8.642454136944618,51.20127064209596,-8.511763301030268,57.692688519840445,0.0,1,2,0.0,4753.0
184,166,1,42.537,74.427,2012,11.182868988317471,192.50028603146112,-36.26348340862874,58.72800884139954,0.0,1,2,0.0,4166.0
185,167,1,35.411,77.604,2013,19.248735467221262,0.3659084769943678,3.77656539804538,137158.2887612841,0.0,1,1,0.0,5100.0
186,168,1,30.747,79.062,2013,0.0771592717680262,0.7717625011405634,-0.1389206458745074,1954.5334152206615,0.0,1,3,0.0,4421.0
187,169,1,30.473,93.534,2013,36.375707114929895,41.329852760199856,-0.990829129053992,1686.3667722534033,0.0,1,1,0.0,5046.0
188,170,1,36.784,74.004,2013,0.071915776908725,0.2157996787077235,-0.0287767803597997,1337.1330924711394,0.0,1,1,0.0,3499.0
189,171,1,41.987,76.814,2013,36.25304325784227,,,212.53024875637362,0.0,1,1,0.0,4268.0
190,172,1,36.475,71.129,2013,25.92528116766543,34.302482277114294,-1.675440221889773,442.085281974219,0.0,1,1,0.0,4793.0
191,173,1,30.531,94.944,2013,3.248597955308114,8.585617384379052,-1.0674038858141877,1828.241039420278,0.0,1,1,0.0,3892.0
192,174,1,35.997,74.666,2014,40.98195284388251,,,313.16153241370097,0.0,1,3,0.0,4329.0
193,175,1,35.411,77.604,2014,7.025220278733886,,,397.4814279507064,0.0,1,2,0.0,5629.0
194,176,1,43.144,77.277,2014,2.621587048783638,,,123.7876966489723,0.0,1,2,0.0,3753.0
195,177,1,41.973,76.828,2014,10.685718718664662,,,1567.8751253419168,0.0,1,1,0.0,3962.0
196,178,1,33.617,77.613,2014,41.80403879309199,,,617.9301125815533,0.0,1,3,0.0,5694.0
197,179,1,42.207,79.846,2015,58.54594617224758,,,311.3018513834968,0.0,1,3,0.0,4595.0
198,180,1,27.874,86.586,2015,240.85642563863465,8.415508939108864,46.48818333990515,1211.6013839271175,0.0,1,2,0.0,5948.0
199,181,1,27.906,86.891,2015,45.874527376079726,18.808745856310857,5.413156303953774,1912.5871004720802,0.0,1,3,0.0,5679.0
200,182,1,28.07,89.58,2015,5.625828590637876,5.071178810026696,0.1109299561222359,841.8661642368787,0.0,1,1,0.0,4266.0
201,183,1,35.997,74.666,2015,72.30022551433073,,,1441.3448211446407,0.0,1,6,0.0,5047.0
202,184,1,36.22,71.775,2015,5.287797776593397,,,1990.970770397491,0.0,1,1,0.0,4542.0
203,185,1,36.174,71.898,2015,1.3048325309054092,,,78.39424811685454,0.0,1,1,0.0,4512.0
204,186,1,30.737,94.253,2015,49.08252487707486,28.63061593366097,4.0903817886827785,38.491701411148654,0.0,1,2,0.0,5038.0
205,187,1,35.677,77.193,2015,52.38215161562131,,,27626.56738116892,0.0,1,1,0.0,4907.0
206,188,1,43.007,76.847,2015,19.63925625805924,,,568.0091106001705,0.0,1,2,0.0,3677.0
207,189,1,42.528,74.54,2015,105.6070139675213,,,301.8810837243457,0.0,1,2,0.0,4639.0
208,190,1,30.31,82.2,2015,29.846888068606873,16.822761625686077,2.604825288584159,3244.378446243112,0.0,1,1,0.0,5552.0
209,191,1,27.943,87.896,2015,68.39632434283155,64.80718276454549,0.7178283156572121,5104.192419785461,0.0,1,1,0.0,5754.0
210,192,1,42.207,79.846,2016,293.0980834333344,,,493.547497278378,0.0,1,5,0.0,4485.0
211,193,1,36.784,74.004,2016,0.8629866216640066,,,2288.1245631193424,0.0,1,1,0.0,3502.0
212,194,1,27.906,86.891,2016,50.63652609478478,31.823981925933413,3.762508833770273,1912.5871004720802,0.0,1,3,0.0,5679.0
213,195,1,35.677,77.193,2016,52.09033256213909,,,27626.56738116892,0.0,1,1,0.0,4919.0
214,195,1,35.677,77.193,2016,52.09033256213909,,,27626.56738116892,0.0,1,1,0.0,4919.0
215,196,1,28.078,86.064,2016,46.97598371532999,40.25408717527805,1.3443793080103874,1702.383622773496,0.0,1,4,0.0,5581.0
216,197,1,35.677,77.193,2016,52.09033256213909,,,27626.56738116892,0.0,1,1,0.0,4919.0
217,197,1,35.677,77.193,2016,52.09033256213909,,,27626.56738116892,0.0,1,1,0.0,4919.0
218,198,1,27.813,87.139,2017,56.5415149879333,15.405875582437227,8.227127881099213,956.341501584254,0.0,1,4,0.0,5334.0
219,199,1,42.207,79.846,2017,288.165018877718,5.188979638237347,56.595207847896134,413.9754463270959,0.0,1,4,0.0,4063.0
220,200,1,27.989,86.811,2017,28.70892088315636,9.27690513629598,3.886403149372076,15584.829400858825,0.0,1,2,0.0,5195.0
221,201,1,36.342,75.479,2017,6.797266876391491,,,12114.925020240149,0.8802778822899348,0,0,1006.5003538373359,4296.0
222,202,1,34.588,76.733,2017,19.587741210502937,,,3.9411656716615195,0.0,1,1,0.0,5063.0
223,203,1,42.4,74.7,2017,5.3045697684676805,,,149.1353804666383,0.0,1,1,0.0,4123.0
224,204,1,35.677,77.193,2017,14.371834266288213,,,27626.56738116892,0.0,1,1,0.0,4899.0
225,205,1,36.342,75.479,2018,8.677971344568109,,,16.418900058028726,-0.5484648729423303,0,0,1186.9493054452205,4883.0
226,205,1,36.342,75.479,2018,8.677971344568109,,,16.418900058028726,-0.5484648729423303,0,0,1186.9493054452205,4883.0
227,205,1,36.342,75.479,2018,8.677971344568109,,,16.418900058028726,-0.5484648729423303,0,0,1186.9493054452205,4883.0
228,206,1,36.342,75.479,2018,8.677971344568109,,,16.418900058028726,-0.5484648729423303,0,0,1186.9493054452205,4883.0
229,206,1,36.342,75.479,2018,8.677971344568109,,,16.418900058028726,-0.5484648729423303,0,0,1186.9493054452205,4883.0
230,206,1,36.342,75.479,2018,8.677971344568109,,,16.418900058028726,-0.5484648729423303,0,0,1186.9493054452205,4883.0
231,207,1,36.342,75.479,2018,8.677971344568109,,,16.418900058028726,-0.5484648729423303,0,0,1186.9493054452205,4883.0
232,207,1,36.342,75.479,2018,8.677971344568109,,,16.418900058028726,-0.5484648729423303,0,0,1186.9493054452205,4883.0
233,207,1,36.342,75.479,2018,8.677971344568109,,,16.418900058028726,-0.5484648729423303,0,0,1186.9493054452205,4883.0
234,208,1,28.245,86.321,2018,119.3155988621328,34.180951839343045,17.02692940455795,1320.4754087802253,0.0,1,3,0.0,5704.0
235,209,1,35.47,69.628,2018,4.899493462003118,,,292.8079623118897,0.0,1,2,0.0,4909.0
236,210,1,36.5,74.06,2018,162.58714691641947,,,1751.6535297681748,0.0,1,7,0.0,5549.0
237,211,1,42.207,79.846,2018,44.43703955565446,2.660115178646293,8.355384875401633,287.48703260372463,0.0,1,1,0.0,4357.0
238,212,1,35.677,77.193,2018,31.649878138067468,,,2038.4293224367989,0.0,1,3,0.0,6348.0
239,213,1,36.342,75.479,2019,11.570664614480666,4.123766465255708,1.4893796298449915,16.418900058028726,-0.5484648729423303,0,0,1186.9493054452205,4883.0
240,214,1,28.106,90.263,2019,135.13009129171837,124.595846370539,2.1068489842358757,1100.0395676683827,0.0,1,1,0.0,4385.0
241,215,1,36.361,74.563,2019,0.1446549189453982,,,4.217294672302271,-0.17849231754556136,0,0,296.9315471321134,4355.0
242,216,1,42.207,79.846,2019,51.09687544322646,18.69417542859816,6.480540002925659,343.68647517804334,0.0,1,4,0.0,4546.0
243,217,1,35.86,71.97,2019,27.66161933378876,2.7661664069647363,4.979090585364805,55.70223684058535,0.0,1,2,0.0,4518.0
244,218,1,35.677,77.193,2019,33.337510048009825,0.0729635463107982,6.652909300339806,27626.56738116892,0.0,1,1,0.0,4871.0
245,219,1,41.978,77.267,2019,2.8715593869942415,1.4686468690068997,0.2805825035974684,240.34740915710182,0.0,1,1,0.0,4023.0
246,220,1,43.007,76.847,2019,8.995166865690662,4.9256511740748685,0.8139031383231586,31.78589682847882,0.0,1,1,0.0,3911.0
247,221,1,36.361,74.563,2020,0.2169480777539729,0.0723262077874936,0.0289243739932958,4592.042245631373,0.0,1,1,0.0,2770.0
248,221,1,36.361,74.563,2020,0.2169480777539729,0.0723262077874936,0.0289243739932958,4592.042245631373,0.0,1,1,0.0,2770.0
249,222,1,36.361,74.563,2020,0.2169480777539729,0.0723262077874936,0.0289243739932958,4592.042245631373,0.0,1,1,0.0,2770.0
250,222,1,36.361,74.563,2020,0.2169480777539729,0.0723262077874936,0.0289243739932958,4592.042245631373,0.0,1,1,0.0,2770.0
251,223,1,30.356,93.631,2020,164.49570757652222,91.65775079483362,14.56759135633772,12984.172638158187,0.0,1,1,0.0,4591.0
252,224,1,35.86,71.97,2020,9.681576671818007,2.62057862322363,1.4121996097188754,40.098011268689135,0.0,1,1,0.0,4701.0
253,225,1,30.436,94.544,2020,51.96028853793526,37.473079053863735,2.8974418968143056,1042.0140855935847,0.0,1,2,0.0,4608.0
254,226,1,42.207,79.846,2020,234.8761729245444,29.47220629789011,41.08079332533085,416.99995801419186,0.0,1,3,0.0,3700.0
255,227,1,36.853,73.023,2020,44.25254695216794,27.514490461409547,3.3476112981516786,4642.357993309743,0.0,1,2,0.0,4964.0
256,228,1,36.342,75.479,2021,3.689981444543285,3.761942121278774,-0.0143921353470979,62981.612384308406,0.0,1,1,0.0,3661.0
257,229,1,36.361,74.563,2021,2.8203785555516157,0.2169891372066485,0.5206778836689934,10772.70117108293,0.0,1,3,0.0,2740.0
258,230,1,36.33,73.68,2021,3.907028519061659,45.85587772931691,-8.38976984205105,4.146547295785849,0.0,1,1,0.0,4415.0
259,231,1,28.131,85.515,2021,23.126267879245024,13.780530480504362,1.869147479748132,618.3149697925246,0.0,1,2,0.0,5361.0
260,232,1,42.207,79.846,2021,529.0503644890548,108.83409737057556,84.04325342369586,85354.60346809277,0.0,1,8,0.0,3277.0
261,233,1,35.46,69.639,2021,2.1941481993943555,1.6821808171774093,0.1023934764433892,8.213756782039775,-0.14785817610603458,0,0,913.0370978145063,4537.0
262,234,1,48.624,90.977,2021,72.94420461018055,10.030761478947538,12.582688626246602,8229.618312591454,0.0,1,9,0.0,3933.0
263,235,1,34.0,77.422,2021,3.647929542099669,22.336549087952797,-3.737723909170626,305.6684982356074,0.0,1,1,0.0,5732.0
264,236,1,36.361,74.563,2022,4.845223665579367,0.2169891372066485,0.9256469056745436,10772.70117108293,0.0,1,3,0.0,2757.0
265,237,1,42.207,79.846,2022,564.8919135849113,91.87094546371918,94.60419362423843,121340.4731066254,0.0,1,7,0.0,3276.0
266,238,1,42.207,79.846,2023,372.4631439232312,48.49843851145163,64.79294108235591,121325.1702213925,0.0,1,6,0.0,3272.0
267,239,1,27.913,88.195,2023,153.86454811508463,117.67914201337842,7.237081220341241,7565.515637131982,0.0,1,1,0.0,5197.0
268,240,1,28.717,98.004,2017,53.07378893601188,16.221464997191838,7.370464787764009,643.7632737809372,0.0,1,5,0.0,5235.0
