Longitude,Latitude,Year_final,Lake_area_calculated_ha,Elevation_m,Lake_type_simplified,is_supraglacial,glacier_area_ha,slope_glac_to_lake,glacier_contact,glacier_touch_count,nearest_glacier_dist_m,glacier_elev_m,5y_expansion_rate,10y_expansion_rate,GLOF
74.609,42.522,1984,,3466,other,0,536.1258049091829,0.0,1,2,0.0,3985.0,,,1
79.846,42.207,1984,,3269,ice,0,396.1181564714431,2.95985412132996,0,0,446.30577922077833,4590.0,,,1
77.193,35.677,1984,,4779,ice,0,9444.515664037286,0.7185497005395561,0,0,1036.8106749478602,5524.0,,,1
83.967,29.307,1985,,4594,other,0,,,0,0,,,,,1
74.633,36.039,1985,,3301,other,0,6998.712273472919,0.0,1,3,0.0,4575.0,,,1
76.867,41.975,1985,,3627,moraine,0,38.45730522148446,0.418800404413849,0,0,768.8626768416559,3949.0,,,1
86.586,27.874,1985,,4368,moraine,0,652.4807286503942,0.0,1,2,0.0,4977.0,,,1
79.846,42.207,1985,,3269,ice,0,396.1181564714431,2.95985412132996,0,0,446.30577922077833,4590.0,,,1
74.879,36.414,1986,,2501,other,0,2339.676628642733,9.98132831793405,0,0,198.5707650192031,4483.0,,,1
88.027,27.586,1986,,4437,other,0,29403.15464671952,0.0,1,4,0.0,5350.0,,,1
76.602,42.923,1986,,3423,moraine,0,4.939867729628562,0.7474563137783876,0,0,446.84885771000023,3757.0,,,1
79.846,42.207,1986,,3269,ice,0,396.1181564714431,2.95985412132996,0,0,446.30577922077833,4590.0,,,1
77.193,35.677,1986,,4779,ice,0,9444.515664037286,0.7185497005395561,0,0,1036.8106749478602,5524.0,,,1
79.846,42.207,1986,,3269,ice,0,396.1181564714431,2.95985412132996,0,0,446.30577922077833,4590.0,,,1
77.193,35.677,1987,,4779,ice,0,9444.515664037286,0.7185497005395561,0,0,1036.8106749478602,5524.0,,,1
79.846,42.207,1987,,3269,ice,0,396.1181564714431,2.95985412132996,0,0,446.30577922077833,4590.0,,,1
78.332,31.295,1988,,4589,other,0,2174.177552325243,0.0,1,5,0.0,4813.0,,,1
74.609,42.522,1988,,3466,moraine,0,536.1258049091829,0.0,1,2,0.0,3985.0,,,1
74.505,42.505,1988,,3343,moraine,0,34.90153742729403,0.4515344921500632,0,0,1375.310216154243,3964.0,,,1
83.868,29.288,1988,,5372,moraine,0,172.76507021451545,0.0,1,2,0.0,5707.0,,,1
72.146,38.632,1988,,2992,ice,0,2338.3797655652165,3.056905186542799,0,0,642.4798546732757,4956.0,,,1
74.431,42.537,1988,,3581,moraine,0,15.213456542195203,0.8846273451074016,0,0,318.7782986357523,3863.0,,,1
76.602,42.923,1988,,3423,moraine,0,4.939867729628562,0.7474563137795305,0,0,446.848857709317,3757.0,,,1
96.501,29.466,1988,39.48224785238666,3816,moraine,0,8463.2036070988,0.0,1,3,0.0,4970.0,,,1
92.785,29.554,1988,1.2496670301064876,5300,moraine,0,12.903958847574634,0.2874513321565207,0,0,1635.059390659144,5519.0,,,1
79.846,42.207,1988,,3269,ice,0,396.1181564714431,2.95985412132996,0,0,446.30577922077833,4590.0,,,1
79.846,42.207,1989,,3269,ice,0,396.1181564714431,2.95985412132996,0,0,446.30577922077833,4590.0,,,1
79.846,42.207,1989,,3269,ice,0,396.1181564714431,2.95985412132996,0,0,446.30577922077833,4590.0,,,1
74.01,36.75,1990,112.86324856398473,3285,ice,0,3024.0856081336437,0.0,1,3,0.0,4205.0,,,1
76.27,35.496,1990,163.5594107701218,3634,ice,0,14962.102056656824,0.0,1,3,0.0,4379.0,,,1
77.311,35.253,1990,116.53553645936564,4278,ice,0,192.9933699194905,0.0,1,7,0.0,5746.0,,,1
77.295,43.171,1990,,2413,moraine,0,12.744659907242443,0.3585924648165993,0,0,3148.420869851302,3542.0,,,1
79.846,42.207,1990,343.4917595497103,3269,ice,0,121243.04376581848,0.0,1,4,0.0,4590.0,,,1
88.895,27.965,1990,28.314803870102057,5422,moraine,0,3879.1784578149714,0.0,1,4,0.0,6034.0,,,1
90.326,28.087,1990,137.46407603982811,4706,moraine,0,3425.334834489212,0.0,1,3,0.0,5124.0,,,1
86.461,27.877,1991,53.189577362696376,4557,other,0,8079.930665402611,0.0,1,2,0.0,5707.0,,,1
79.846,42.207,1991,343.4917595497103,3269,ice,0,121243.04376581848,0.0,1,4,0.0,4590.0,,,1
74.609,35.93,1992,10.905839352488773,4124,other,0,75.13834104235754,4.405215887630108,0,0,116.45286248978384,5014.0,,,1
74.571,36.043,1992,,2648,other,0,7831.738632457032,0.0,1,2,0.0,3325.0,,,1
76.602,42.923,1992,6.641361243816792,3423,moraine,0,4.939867729628562,0.394697347300671,0,0,724.605832686613,3757.0,,,1
79.846,42.207,1992,283.83073842078556,3269,ice,0,121243.04376581848,0.0,1,4,0.0,4590.0,,,1
96.538,29.748,1992,53.25631686653518,5117,ice,0,459.87038719892183,0.0,1,5,0.0,5484.0,6.206682748018986,,1
86.447,27.929,1992,302.6159034440116,5194,moraine,0,3625.469075651645,0.0,1,8,0.0,5572.0,,,1
88.111,27.557,1992,10.667322214308657,4715,moraine,0,1677.554716692389,0.0,1,1,0.0,5168.0,,,1
74.54,42.528,1993,36.58949227188008,3627,moraine,0,301.8810837243457,0.0,1,3,0.0,4064.0,,,1
74.431,42.537,1993,0.5293363219948779,3581,moraine,0,4.801137254842468,0.5716801464693405,0,0,479.2889899924044,3868.0,,,1
73.92,36.84,1993,52.180656919216666,3551,ice,0,11255.181771618782,0.0,1,3,0.0,5067.0,,,1
76.27,35.496,1993,0.2193932690453487,3634,ice,0,77.76671009560117,0.0,1,2,0.0,4669.0,,,1
74.609,42.522,1993,83.33647789930858,3466,other,0,536.1258049091829,0.0,1,2,0.0,3985.0,,,1
77.311,35.253,1993,1.9060637591359064,4278,ice,0,31140.745454374857,0.0,1,3,0.0,6093.0,,,1
77.271,43.146,1993,0.7862521003400469,3415,moraine,0,4.550561231949285,0.8334795496181823,0,0,416.32695146384935,3748.0,,,1
73.197,36.033,1993,38.48798521714529,4574,moraine,0,14.602316349202177,0.0,1,2,0.0,4722.0,3.675046308806336,,1
79.846,42.207,1993,19.15788572354551,3269,ice,0,396.1181564714431,3.508303933863591,0,0,373.6848416540224,4590.0,,,1
82.118,30.356,1994,17.902470307803707,5302,moraine,0,1260.7187797021004,0.0,1,1,0.0,5713.0,1.0692497853376068,,1
74.07,36.62,1994,0.144143080179491,2857,ice,0,8188.853082122288,7.747804582816491,0,0,175.40452724040887,4221.0,-17.528538394335122,,1
73.196,36.027,1994,3.994105459561251,4762,moraine,0,14.602316349202177,0.0,1,2,0.0,4722.0,-3.2533493749664033,,1
77.03,42.97,1994,,3584,moraine,0,220.07365682083116,0.5360796093454094,0,0,408.5214139508389,3803.0,,,1
79.846,42.207,1994,255.90156838724903,3269,ice,0,121243.04376581848,0.0,1,4,0.0,4590.0,,,1
90.3,28.092,1994,24.399810180007837,4513,moraine,0,2094.2350308936216,0.0,1,1,0.0,5078.0,2.994450410724652,,1
91.937,28.802,1995,10.308361841841451,5206,moraine,0,861.8307921730309,0.0,1,3,0.0,5769.0,-1.6684591890859597,,1
85.37,28.662,1995,6.776400653457245,4735,moraine,0,1234.0603741806729,0.0,1,2,0.0,5350.0,0.1418328434546625,,1
77.1,43.0,1995,0.1970399153203944,3930,moraine,0,149.5953499162941,10.513621016770053,0,0,36.23870400048423,4025.0,,,1
79.846,42.207,1995,251.64477126048612,3269,ice,0,121243.04376581848,0.0,1,4,0.0,4590.0,-18.369397657844836,,1
85.478,28.663,1995,20.490726987090863,5202,moraine,0,1027.6226055786458,0.0,1,1,0.0,5490.0,1.703219339826146,,1
75.22,36.5,1996,1.7328530072273267,2941,ice,0,32873.35872491452,0.0,1,4,0.0,5122.0,0.3032730141900611,,1
77.15,43.08,1996,8.394317754878163,3316,other,0,120.7850516719826,0.0,1,3,0.0,4128.0,,,1
92.387,27.705,1996,5.6447845269314225,5009,moraine,0,313.8026622573356,0.0,1,1,0.0,5109.0,0.0159007086227889,,1
79.846,42.207,1996,206.6180926876256,3269,ice,0,121243.04376581848,0.0,1,4,0.0,4590.0,-27.374733372416944,,1
88.782,27.901,1997,48.80677407892184,5114,moraine,0,1411.4292070262454,0.0,1,3,0.0,5700.0,3.777239931268982,,1
77.15,43.08,1997,8.394317754878163,3316,other,0,120.7850516719826,0.0,1,3,0.0,4128.0,,,1
77.04,43.04,1997,12.864760102268743,3487,ice,0,132.73643859648095,0.0,1,3,0.0,3993.0,2.4679493361600953,,1
77.024,43.016,1997,12.864760102268743,3454,ice,0,132.73643859648095,0.0,1,3,0.0,3993.0,,,1
79.846,42.207,1997,241.94075885930897,3269,ice,0,120846.92560934702,0.0,1,3,0.0,4369.0,-8.377995912295324,,1
77.193,35.677,1997,0.9482907427474104,4779,ice,0,27626.56738116892,0.0,1,3,0.0,5653.0,-0.1167309076616684,,1
76.566,43.006,1997,0.0656622069793875,2317,ice,0,,,0,0,,,-0.8803268064127414,,1
90.418,27.903,1997,2.0631761220566043,5128,moraine,0,49.25855174066616,0.1484458956274341,0,0,377.2418210911498,5210.0,-2.5866964196927165,,1
90.807,27.899,1998,39.91989250098235,4825,moraine,0,435.01389673558,4.914841536974618,0,0,93.3905999912547,5171.0,0.460321435315565,5.111276087743841,1
76.602,42.923,1998,9.073997979125954,3423,moraine,0,4.060653348751401,0.3932240499331356,0,0,732.4068811380482,3681.0,1.7621814047416322,,1
71.568,39.75,1998,7.25056128161129,3826,moraine,0,214.21974843524947,0.0,1,2,0.0,4164.0,,,1
79.846,42.207,1998,238.9480543757374,3269,ice,0,120846.92560934702,0.0,1,3,0.0,4369.0,43.95803373043837,,1
86.845,27.743,1998,44.66578150883017,4379,moraine,0,994.237220453094,0.0,1,3,0.0,5761.0,0.34970612105556,-17.154349580508335,1
86.776,27.955,1998,6.503130631658225,5010,moraine,0,11626.125066732258,0.0,1,4,0.0,5399.0,0.6977688270352002,-0.333085792907373,1
77.193,35.677,1998,87.97260670634473,4779,ice,0,27626.56738116892,0.0,1,3,0.0,5653.0,17.53615198107204,,1
74.54,42.528,1999,116.18082974355912,3627,moraine,0,770.2473694736645,0.0,1,2,0.0,3944.0,-15.060844539028594,23.011191478780365,1
75.479,36.342,1999,0.2893841692208727,3475,other,0,53385.61402318674,0.0,1,4,0.0,4744.0,1.514526736579036e-07,,1
74.609,42.522,1999,34.55397865341369,3466,other,0,536.1258049091829,0.0,1,2,0.0,3985.0,-9.346181029150152,5.705936492163037,1
79.846,42.207,1999,200.7631941465663,3269,ice,0,120846.92560934702,0.0,1,3,0.0,4369.0,-11.027674848136552,,1
77.193,35.677,1999,190.82678777416197,4779,ice,0,27626.56738116892,0.0,1,3,0.0,5653.0,37.74224522596508,,1
74.609,42.522,2000,124.83972952546176,3466,other,0,536.1258049091829,0.0,1,2,0.0,3985.0,22.71862116658327,-33.727340599958566,1
77.311,35.253,2000,72.53530807585625,4278,ice,0,240.10839387070683,0.0,1,10,0.0,5864.0,6.03244583211869,-8.800045676701876,1
73.92,36.84,2000,19.69521972859104,3551,ice,0,11255.181771618782,0.0,1,3,0.0,5067.0,3.4645917355784377,-7.358756327729955,1
75.479,36.342,2000,0.2893841692208727,3475,ice,0,53385.61402318674,0.0,1,4,0.0,4744.0,-0.5932339750611049,-19.3864876951877,1
79.846,42.207,2000,2.460605715311892,3269,ice,0,15.30288523289357,0.8220328608176684,0,0,737.1968067033446,3939.0,-49.83683310903485,-68.20623076687968,1
76.27,35.496,2000,38.9731571289951,3634,moraine,0,14962.102056656824,0.0,1,3,0.0,4379.0,2.9247838045506938,-24.917250728225337,1
75.479,36.342,2001,0.2893841692208727,3475,ice,0,53385.61402318674,0.0,1,4,0.0,4744.0,-0.8536792168006425,-2.5320415993738576,1
79.846,42.207,2001,2.5271084134991435,3269,ice,0,15.30288523289357,0.8220328608188314,0,0,737.1968067023015,3939.0,-40.81819685482529,-68.19293022724223,1
89.745,28.211,2001,74.54239536871982,4909,moraine,0,1140.8681160207914,0.0,1,2,0.0,5457.0,3.1021354416456446,6.314862208633272,1
85.92,28.139,2002,42.44994977871511,4864,moraine,0,1072.9266470242585,0.0,1,4,0.0,5373.0,6.177517384200959,5.385482412503921,1
74.57,36.35,2002,0.5784413877739918,2807,ice,0,10772.70117108293,0.0,1,3,0.0,3839.0,0.0433592498077272,,1
77.311,35.253,2002,0.3665723468038601,4278,ice,0,4.77584455649814,1.1105337686913457,0,0,334.9740552584595,5483.0,-13.489049370332268,-13.934814815971984,1
75.479,36.342,2002,,3475,ice,0,12114.925020240147,8.317259648138812,0,0,152.57429173609717,4744.0,,,1
79.846,42.207,2002,,3269,ice,0,396.1181564714431,2.95985412132996,0,0,446.30577922077833,4590.0,,,1
71.734,37.22,2002,69.72871314311578,4386,ice,1,93.89462889136958,0.0,1,3,0.0,4688.0,-5.278049468531623,13.674008504930848,1
77.193,35.677,2002,0.5107309520446435,4779,ice,0,9711.114969629114,95.01875302727412,0,0,6.440833840708602,5539.0,-0.0875119581405533,-0.2042428658022218,1
75.479,36.342,2002,,3475,ice,0,12114.925020240147,8.317259648138812,0,0,152.57429173609717,4744.0,,,1
73.896,36.613,2002,852.5117202062428,3785,moraine,0,4537.102561913929,0.0,1,9,0.0,4433.0,158.53404847858064,26.788469480885965,1
94.324,30.684,2002,15.679550436656816,4124,moraine,0,4397.202677950341,0.0,1,3,0.0,5270.0,2.7343307662523446,-7.307162715207878,1
93.546,29.632,2002,40.04299754481685,4667,moraine,0,18.341674630667168,0.6039488728668746,0,0,950.4115758595412,5137.0,0.5932402914630928,0.0624481753182692,1
76.971,34.477,2003,5.551901061891213,5187,moraine,0,370.84046975806376,0.0,1,5,0.0,5338.0,-4.264815019258698,1.0511482784844646,1
74.609,42.522,2003,,3466,other,0,536.1258049091829,0.0,1,2,0.0,3985.0,,,1
75.479,36.342,2003,,3475,ice,0,12114.925020240147,8.317259648138812,0,0,152.57429173609717,4744.0,,,1
79.846,42.207,2003,,3269,ice,0,396.1181564714431,2.95985412132996,0,0,446.30577922077833,4590.0,,,1
73.92,36.84,2004,,3551,ice,0,3568.324753033535,359.8456312063392,0,0,4.149001323136527,5044.0,,,1
81.474,30.267,2004,,5363,ice,1,1182.5315243578225,0.0,1,4,0.0,5446.0,,,1
79.846,42.207,2004,,3269,ice,0,396.1181564714431,2.95985412132996,0,0,446.30577922077833,4590.0,,,1
77.193,35.677,2004,,4779,ice,0,9444.515664037286,0.7185497005395561,0,0,1036.8106749478602,5524.0,,,1
72.706,36.384,2005,,4403,other,0,62.786733425222515,5.3580471265122505,0,0,88.27843220331903,4876.0,,,1
74.427,42.537,2005,,3600,moraine,0,15.213456542195203,0.6000954830438213,0,0,438.26358876424786,3863.0,,,1
79.846,42.207,2005,,3269,ice,0,396.1181564714431,2.95985412132996,0,0,446.30577922077833,4590.0,,,1
77.509,43.128,2005,,3542,other,0,451.6630229969171,1.6872950688768416,0,0,165.946078528152,3822.0,,,1
73.196,36.027,2005,,4762,moraine,0,5.679545589936141,0.131457423259935,0,0,144.533488705546,4781.0,,,1
77.193,35.677,2005,,4779,ice,0,9444.515664037286,0.7185497005395561,0,0,1036.8106749478602,5524.0,,,1
96.465,29.752,2006,11.304360025361008,5052,moraine,0,308.64900313465694,33.63396774720967,0,0,3.2705032253926034,5162.0,0.4367659847804642,0.1403409711985762,1
81.474,30.267,2006,,5363,ice,1,1182.5315243578225,0.0,1,4,0.0,5446.0,,,1
76.995,41.859,2006,,3861,moraine,0,23.150194426182768,0.0,1,1,0.0,3927.0,,,1
79.846,42.207,2006,,3269,ice,0,396.1181564714431,2.95985412132996,0,0,446.30577922077833,4590.0,,,1
77.193,35.677,2006,,4779,ice,0,9444.515664037286,0.7185497005395561,0,0,1036.8106749478602,5524.0,,,1
74.806,36.428,2007,,3090,other,0,7518.40795003588,0.0,1,3,0.0,4647.0,,,1
81.474,30.267,2007,,5363,ice,1,1182.5315243578225,0.0,1,4,0.0,5446.0,,,1
79.846,42.207,2007,5.188979638237347,3269,ice,0,37334.18715891103,2.0311275598658467,0,0,545.0174680673999,4369.0,,-47.35035584421432,1
90.225,28.278,2007,97.42889195877902,5301,moraine,0,9308.514278229808,0.0,1,1,0.0,5773.0,1.217875813154322,0.3637587522511609,1
74.879,36.457,2008,,2551,moraine,0,6222.494125174963,9.55876904150404,0,0,225.02897503437825,4702.0,,,1
74.806,36.428,2008,,3090,other,0,7518.40795003588,0.0,1,3,0.0,4647.0,,,1
74.806,36.428,2008,,3090,other,0,7518.40795003588,0.0,1,3,0.0,4647.0,,,1
74.806,36.428,2008,,3090,other,0,7518.40795003588,0.0,1,3,0.0,4647.0,,,1
77.193,35.677,2008,,4779,ice,0,9444.515664037286,0.7185497005395561,0,0,1036.8106749478602,5524.0,,,1
81.474,30.267,2008,,5363,ice,1,1182.5315243578225,0.0,1,4,0.0,5446.0,,,1
74.806,36.428,2008,,3090,other,0,7518.40795003588,0.0,1,3,0.0,4647.0,,,1
79.846,42.207,2008,2.660115178646293,3269,ice,0,15.30288523289357,0.8296503849074737,0,0,730.4281550686966,3939.0,,-47.25758783941822,1
77.017,41.941,2008,3.1389946298207425,3893,moraine,0,411.9674860615904,0.0,1,2,0.0,3887.0,,-14.96468777411863,1
97.835,28.323,2008,4.74310668536486,4181,other,0,2.8687833282970057,0.2010348741646584,0,0,1034.6463560826603,4361.0,-0.0787858772856855,0.6799151880331565,1
79.846,42.207,2009,18.69417542859816,3269,ice,0,37334.18715891103,25.37182023774683,0,0,43.63108321069786,4369.0,,-36.413803743593625,1
71.637,37.094,2009,0.8596846222362232,4414,other,0,22.073896283016634,4.009860713380786,0,0,63.34384612223799,4739.0,-0.2720921135168901,-4.956982733012844,1
74.571,36.043,2009,,2648,other,0,7831.738632457032,0.0,1,2,0.0,3325.0,,,1
74.806,36.428,2009,0.361304071158535,3090,other,0,3058.7395123229167,1.705219171761955,0,0,459.1785108719767,4647.0,,-5.955137597550065,1
90.164,28.101,2009,5.30727775284766,4268,ice,1,11985.498857222092,0.0,1,3,0.0,4479.0,0.823830066879809,0.9505734435831098,1
81.474,30.267,2009,10.858059427184449,5363,ice,1,3563.976508692848,0.0,1,4,0.0,5306.0,,0.8996722934824183,1
74.004,36.784,2009,0.6473043636797607,3363,ice,0,1180.3473959088044,3.671203206198807,0,0,197.21054905855655,4077.0,,0.0719188449823054,1
77.193,35.677,2009,0.0729635463107982,4779,ice,0,27626.56738116892,0.0,1,3,0.0,5653.0,,-38.15076484557024,1
94.0,30.83,2009,9.25545604365834,4760,moraine,0,228.95798326357772,4.03670594047648,0,0,159.53602008571974,5331.0,0.3702197369073625,-1.742288322413201,1
90.326,28.087,2009,133.18714099835577,4706,moraine,0,3425.334834489212,0.0,1,3,0.0,5124.0,0.0318610337474353,8.478009074696327,1
74.609,35.93,2010,0.4363043511873737,4124,other,0,4.808953988198107,1.8691122192058216,0,0,25.680641058777628,4858.0,,-2.705120249587774,1
74.633,36.039,2010,0.3630657056100978,3301,other,0,9422.807452033634,0.0,1,3,0.0,4177.0,,,1
73.353,36.546,2010,0.7213454621504333,3997,ice,1,80.88699587461582,0.0,1,3,0.0,4995.0,,-3.9686545860690847,1
74.609,42.522,2010,137.08298087576495,3466,other,0,536.1258049091829,0.0,1,2,0.0,3985.0,,2.448650270060645,1
75.479,36.342,2010,3.255523555462977,3475,ice,0,53385.61402318674,0.0,1,4,0.0,4744.0,,0.593227877248421,1
79.846,42.207,2010,29.47220629789011,3269,ice,0,120846.92560934702,0.0,1,3,0.0,4369.0,,5.402320116515645,1
74.571,36.043,2010,,2648,other,0,7831.738632457032,0.0,1,2,0.0,3325.0,,,1
87.985,27.951,2010,46.887034525872494,5485,moraine,0,1387.6835949844196,0.0,1,1,0.0,5573.0,0.0951988937350037,-0.0952007759348674,1
71.898,36.174,2010,0.2899713168023337,4313,other,0,2289.1125398889712,0.0,1,3,0.0,4911.0,,-1.6087055187957842,1
78.488,33.019,2010,4.819715586937388,5684,moraine,0,1399.0534513109535,0.0,1,4,0.0,6053.0,,-3.539291389079085,1
79.846,42.207,2011,108.83409737057556,3269,ice,0,120846.92560934702,0.0,1,3,0.0,4369.0,,21.26139779141528,1
77.604,35.411,2011,71.42660876598136,5093,ice,0,137158.2887612841,0.0,1,4,0.0,5845.0,,3.0302306490727133,1
81.474,30.267,2011,5.894448782350438,5363,ice,1,3563.976508692848,0.0,1,4,0.0,5306.0,,0.0310350813680306,1
79.846,42.207,2012,91.87094546371918,3269,ice,0,120846.92560934702,0.0,1,3,0.0,4369.0,17.336393165096368,,1
73.196,36.027,2012,8.642454136944618,4762,moraine,0,57.692688519840445,0.0,1,4,0.0,4788.0,,-8.511763301030268,1
74.427,42.537,2012,11.182868988317471,3600,moraine,0,58.72800884139954,0.0,1,3,0.0,4075.0,1.985037409477767,-36.26348340862874,1
77.604,35.411,2013,19.248735467221262,5093,ice,0,137158.2887612841,0.0,1,4,0.0,5845.0,,3.77656539804538,1
79.062,30.747,2013,0.0771592717680262,3860,moraine,0,1954.5334152206617,0.0,1,4,0.0,4934.0,,-0.1389206458745074,1
93.534,30.473,2013,36.375707114929895,5014,moraine,0,1686.3667722534033,0.0,1,3,0.0,5566.0,1.2226902751356128,-0.990829129053992,1
74.004,36.784,2013,0.071915776908725,3363,ice,0,1337.1330924711394,0.0,1,1,0.0,4476.0,,-0.0287767803597997,1
76.814,41.987,2013,36.25304325784227,3807,moraine,0,212.5302487563736,0.0,1,2,0.0,4093.0,7.210561188016527,,1
71.129,36.475,2013,25.92528116766543,4588,moraine,0,442.085281974219,0.0,1,3,0.0,4840.0,,-1.675440221889773,1
94.944,30.531,2013,3.248597955308114,3864,moraine,0,1828.241039420278,0.0,1,1,0.0,4495.0,-0.9900557122758484,-1.0674038858141877,1
74.666,35.997,2014,40.98195284388251,3886,other,0,313.16153241370097,0.0,1,3,0.0,4158.0,8.109194357058037,,1
77.604,35.411,2014,7.025220278733886,5093,ice,0,397.4814279507064,0.0,1,6,0.0,5693.0,-11.665274508361486,,1
77.277,43.144,2014,2.621587048783638,3374,ice,1,123.7876966489723,0.0,1,3,0.0,3766.0,0.4063630624101029,,1
76.828,41.973,2014,10.685718718664662,3769,moraine,0,1567.8751253419168,0.0,1,2,0.0,4131.0,1.763142262207311,,1
77.613,33.617,2014,41.80403879309199,5411,moraine,0,617.9301125815533,0.0,1,13,0.0,5836.0,6.566203405225679,,1
79.846,42.207,2015,58.54594617224758,3269,ice,0,311.3018513834968,0.0,1,4,0.0,4448.0,5.814747974871493,,1
86.586,27.874,2015,240.85642563863465,4368,moraine,0,1211.6013839271177,0.0,1,5,0.0,6519.0,40.3920329435325,46.48818333990515,1
86.891,27.906,2015,45.874527376079726,4960,ice,1,1912.58710047208,0.0,1,5,0.0,5878.0,3.333893170094492,5.413156303953774,1
89.58,28.07,2015,5.625828590637876,4284,moraine,0,841.8661642368787,0.0,1,2,0.0,4946.0,0.0475417925713186,0.1109299561222359,1
74.666,35.997,2015,72.30022551433073,3886,other,0,1441.3448211446407,0.0,1,7,0.0,4981.0,13.980444577399911,,1
71.775,36.22,2015,5.287797776593397,4060,other,0,1990.970770397491,0.0,1,3,0.0,5108.0,0.7678096040947717,,1
71.898,36.174,2015,1.3048325309054092,4313,other,0,78.39424811685454,0.0,1,3,0.0,4591.0,0.2029722428206151,,1
94.253,30.737,2015,49.08252487707486,5045,ice,1,38.491701411148654,0.0,1,4,0.0,5418.0,-5.710667001652351,4.0903817886827785,1
77.193,35.677,2015,52.38215161562131,4779,ice,0,27626.56738116892,0.0,1,3,0.0,5653.0,10.22839486521289,,1
76.847,43.007,2015,19.63925625805924,3515,moraine,0,568.0091106001705,0.0,1,3,0.0,3931.0,-4.649622132205051,,1
74.54,42.528,2015,105.6070139675213,3627,moraine,0,301.8810837243457,0.0,1,3,0.0,4064.0,10.568890194074488,,1
82.2,30.31,2015,29.846888068606873,5530,moraine,0,3244.378446243112,0.0,1,5,0.0,6035.0,-3.1480348434740506,2.604825288584159,1
87.896,27.943,2015,68.39632434283155,5493,moraine,0,5104.192419785461,0.0,1,4,0.0,5687.0,-0.7776073984462044,0.7178283156572121,1
79.846,42.207,2016,293.0980834333344,3269,ice,0,493.547497278378,0.0,1,8,0.0,4448.0,36.85279721255178,,1
74.004,36.784,2016,0.8629866216640066,3363,ice,0,2288.1245631193424,0.0,1,2,0.0,4476.0,0.0431281006566769,,1
86.891,27.906,2016,50.63652609478478,4960,ice,1,1912.58710047208,0.0,1,5,0.0,5878.0,3.5244235904752386,3.762508833770273,1
77.193,35.677,2016,52.09033256213909,4779,ice,0,27626.56738116892,0.0,1,3,0.0,5653.0,10.170031054516446,,1
86.064,28.078,2016,46.97598371532999,4608,moraine,0,1702.383622773496,0.0,1,10,0.0,5302.0,2.992552733965893,1.3443793080103874,1
77.193,35.677,2016,52.09033256213909,4779,ice,0,27626.56738116892,0.0,1,3,0.0,5653.0,10.170031054516446,,1
87.139,27.813,2017,56.5415149879333,4793,moraine,0,956.341501584254,0.0,1,4,0.0,5267.0,10.545789891948871,8.227127881099213,1
79.846,42.207,2017,288.165018877718,3269,ice,0,413.9754463270959,0.0,1,6,0.0,4448.0,39.258814682799766,56.595207847896134,1
86.811,27.989,2017,28.70892088315636,5212,ice,1,15584.829400858824,0.0,1,5,0.0,5399.0,3.743681279251604,3.886403149372076,1
75.479,36.342,2017,6.797266876391491,3475,ice,0,12114.925020240147,0.4709387316088364,0,0,1006.500353837336,4744.0,0.6070649510225434,,1
76.733,34.588,2017,19.587741210502937,5117,other,0,3.941165671661519,0.0,1,1,0.0,5049.0,3.607120519249734,,1
74.7,42.4,2017,5.3045697684676805,3835,moraine,0,149.1353804666383,0.0,1,2,0.0,3770.0,-15.65962270984564,,1
77.193,35.677,2017,14.371834266288213,4779,ice,0,27626.56738116892,0.0,1,3,0.0,5653.0,2.3783186152775797,,1
75.479,36.342,2018,8.677971344568109,3475,ice,0,16.418900058028726,0.6251320057192151,0,0,1186.9493054452205,5695.0,1.070019751189432,,1
75.479,36.342,2018,8.677971344568109,3475,ice,0,16.418900058028726,0.6251320057192151,0,0,1186.9493054452205,5695.0,1.070019751189432,,1
75.479,36.342,2018,8.677971344568109,3475,ice,0,16.418900058028726,0.6251320057192151,0,0,1186.9493054452205,5695.0,1.070019751189432,,1
86.321,28.245,2018,119.3155988621328,5361,moraine,0,1320.4754087802253,0.0,1,8,0.0,5597.0,15.492292022469462,17.02692940455795,1
69.628,35.47,2018,4.899493462003118,4454,moraine,0,292.8079623118897,0.0,1,3,0.0,4717.0,-0.1608477868856182,,1
74.06,36.5,2018,162.58714691641947,4369,other,0,1751.6535297681748,0.0,1,10,0.0,5712.0,15.439891234145666,,1
79.846,42.207,2018,44.43703955565446,3269,ice,0,287.48703260372463,0.0,1,3,0.0,4242.0,-0.8122797911594347,8.355384875401633,1
77.193,35.677,2018,31.649878138067468,4779,ice,0,2038.4293224367989,0.0,1,5,0.0,6424.0,6.14031104623619,,1
75.479,36.342,2019,11.570664614480666,3475,ice,0,16.418900058028726,0.6343994613296078,0,0,1186.9493054452205,5695.0,1.793449604635665,1.4893796298449915,1
90.263,28.106,2019,135.13009129171837,4453,moraine,0,1100.0395676683827,0.0,1,3,0.0,5697.0,2.756332741013361,2.1068489842358757,1
74.563,36.361,2019,0.1446549189453982,2722,ice,0,4.217294672302271,0.4546502428047317,0,0,296.9315471321134,4496.0,-0.0144654255871007,,1
79.846,42.207,2019,51.09687544322646,3269,ice,0,343.68647517804334,0.0,1,5,0.0,4448.0,6.653323265742927,6.480540002925659,1
71.97,35.86,2019,27.66161933378876,4412,moraine,0,55.70223684058535,0.0,1,6,0.0,4554.0,5.328487716623451,4.979090585364805,1
77.193,35.677,2019,33.337510048009825,4779,ice,0,27626.56738116892,0.0,1,3,0.0,5653.0,-3.7943419526500906,6.652909300339806,1
77.267,41.978,2019,2.8715593869942415,3754,moraine,0,240.34740915710185,0.0,1,2,0.0,3917.0,-1.415179325239684,0.2805825035974684,1
76.847,43.007,2019,8.995166865690662,3515,ice,0,31.78589682847882,0.0,1,2,0.0,3941.0,-8.604162069467817,0.8139031383231586,1
74.563,36.361,2020,0.2169480777539729,2722,ice,0,4592.042245631373,0.0,1,1,0.0,3839.0,-0.0723343209485553,0.0289243739932958,1
74.563,36.361,2020,0.2169480777539729,2722,ice,0,4592.042245631373,0.0,1,1,0.0,3839.0,-0.0723343209485553,0.0289243739932958,1
93.631,30.356,2020,164.49570757652222,4442,moraine,0,12984.172638158188,0.0,1,3,0.0,5357.0,22.56224749358291,14.56759135633772,1
71.97,35.86,2020,9.681576671818007,4412,ice,1,40.098011268689135,0.0,1,3,0.0,4554.0,1.5577636849104262,1.4121996097188754,1
94.544,30.436,2020,51.96028853793526,3257,moraine,0,1042.0140855935847,0.0,1,4,0.0,4517.0,7.294546196161586,2.8974418968143056,1
79.846,42.207,2020,234.8761729245444,3269,ice,0,416.99995801419186,0.0,1,5,0.0,4448.0,35.266045350459365,41.08079332533085,1
73.023,36.853,2020,44.25254695216794,4942,other,0,4642.357993309743,0.0,1,4,0.0,5288.0,1.9396121850255357,3.3476112981516786,1
75.479,36.342,2021,3.689981444543285,3475,ice,0,62981.612384308406,0.0,1,4,0.0,4744.0,-0.650484249935156,-0.0143921353470979,1
74.563,36.361,2021,2.8203785555516157,2722,ice,0,10772.70117108293,0.0,1,3,0.0,3839.0,-0.4050924175511045,0.5206778836689934,1
73.68,36.33,2021,3.907028519061659,4281,other,0,4.146547295785849,0.0,1,1,0.0,4414.0,-0.5061064819577329,-8.38976984205105,1
85.515,28.131,2021,23.126267879245024,4765,moraine,0,618.3149697925246,0.0,1,6,0.0,5494.0,-1.5681311732908916,1.869147479748132,1
79.846,42.207,2021,529.0503644890548,3269,ice,0,85354.60346809277,0.0,1,12,0.0,4448.0,47.19045621114408,84.04325342369586,1
69.639,35.46,2021,2.1941481993943555,4345,ice,1,8.213756782039775,0.1150008036380269,0,0,913.0370978145064,4636.0,0.0146277374841181,0.1023934764433892,1
90.977,48.624,2021,72.94420461018055,3405,moraine,0,8229.618312591454,0.0,1,12,0.0,3897.0,-1.3060424431398814,12.582688626246602,1
77.422,34.0,2021,3.647929542099669,5245,moraine,0,305.6684982356074,0.0,1,5,0.0,5578.0,-3.5740250618390084,-3.737723909170626,1
74.563,36.361,2022,4.845223665579367,2722,ice,0,10772.70117108293,0.0,1,3,0.0,3839.0,0.448359762241754,0.9256469056745436,1
79.846,42.207,2022,564.8919135849113,3269,ice,0,121340.4731066254,0.0,1,11,0.0,4448.0,55.34537894143866,94.60419362423843,1
79.846,42.207,2023,372.4631439232312,3269,ice,0,121325.1702213925,0.0,1,10,0.0,4448.0,65.60522087351535,64.79294108235591,1
88.195,27.913,2023,153.86454811508463,5207,moraine,0,7565.515637131982,0.0,1,5,0.0,5676.0,3.221736075241523,7.237081220341241,1
98.004,28.717,2017,53.07378893601188,4651,moraine,0,643.7632737809372,0.0,1,9,0.0,5278.0,8.976864039291701,7.370464787764009,1
