10y_expansion_rate,5y_expansion_rate,Elevation_m,GLOF,Lake_area_calculated_ha,Lake_type_simplified,Latitude,Longitude,Year_final,__source__,glacier_area_ha,glacier_contact,glacier_elev_m,glacier_touch_count,is_supraglacial,lake_area_filled_from_db,nearest_glacier_dist_m,slope_glac_to_lake
,,3466,1,,other,42.522,74.609,1984,pos,536.1258049091829,1,3985.0,2,0,False,0.0,0.0
,,3269,1,,ice,42.207,79.846,1984,pos,396.1181564714431,0,4590.0,0,0,False,446.30577922077833,2.95985412132996
,,4779,1,,ice,35.677,77.193,1984,pos,9444.515664037286,0,5524.0,0,0,False,1036.8106749478602,0.7185497005395561
,,4594,1,,other,29.307,83.967,1985,pos,,0,,0,0,False,,
,,3301,1,,other,36.039,74.633,1985,pos,6998.712273472919,1,4575.0,3,0,False,0.0,0.0
,,3627,1,,moraine,41.975,76.867,1985,pos,38.45730522148446,0,3949.0,0,0,False,768.8626768416559,0.418800404413849
,,4368,1,,moraine,27.874,86.586,1985,pos,652.4807286503942,1,4977.0,2,0,False,0.0,0.0
,,3269,1,,ice,42.207,79.846,1985,pos,396.1181564714431,0,4590.0,0,0,False,446.30577922077833,2.95985412132996
,,2501,1,,other,36.414,74.879,1986,pos,2339.676628642733,0,4483.0,0,0,False,198.5707650192031,9.98132831793405
,,4437,1,,other,27.586,88.027,1986,pos,29403.15464671952,1,5350.0,4,0,False,0.0,0.0
,,3423,1,,moraine,42.923,76.602,1986,pos,4.939867729628562,0,3757.0,0,0,False,446.84885771000023,0.7474563137783876
,,3269,1,,ice,42.207,79.846,1986,pos,396.1181564714431,0,4590.0,0,0,False,446.30577922077833,2.95985412132996
,,4779,1,,ice,35.677,77.193,1986,pos,9444.515664037286,0,5524.0,0,0,False,1036.8106749478602,0.7185497005395561
,,3269,1,,ice,42.207,79.846,1986,pos,396.1181564714431,0,4590.0,0,0,False,446.30577922077833,2.95985412132996
,,4779,1,,ice,35.677,77.193,1987,pos,9444.515664037286,0,5524.0,0,0,False,1036.8106749478602,0.7185497005395561
,,3269,1,,ice,42.207,79.846,1987,pos,396.1181564714431,0,4590.0,0,0,False,446.30577922077833,2.95985412132996
,,4589,1,,other,31.295,78.332,1988,pos,2174.177552325243,1,4813.0,5,0,False,0.0,0.0
,,3466,1,,moraine,42.522,74.609,1988,pos,536.1258049091829,1,3985.0,2,0,False,0.0,0.0
,,3343,1,,moraine,42.505,74.505,1988,pos,34.90153742729403,0,3964.0,0,0,False,1375.310216154243,0.4515344921500632
,,5372,1,,moraine,29.288,83.868,1988,pos,172.76507021451545,1,5707.0,2,0,False,0.0,0.0
,,2992,1,,ice,38.632,72.146,1988,pos,2338.3797655652165,0,4956.0,0,0,False,642.4798546732757,3.056905186542799
,,3581,1,,moraine,42.537,74.431,1988,pos,15.213456542195203,0,3863.0,0,0,False,318.7782986357523,0.8846273451074016
,,3423,1,,moraine,42.923,76.602,1988,pos,4.939867729628562,0,3757.0,0,0,False,446.848857709317,0.7474563137795305
,,3816,1,39.48224785238666,moraine,29.466,96.501,1988,pos,8463.2036070988,1,4970.0,3,0,False,0.0,0.0
,,5300,1,1.2496670301064876,moraine,29.554,92.785,1988,pos,12.903958847574634,0,5519.0,0,0,False,1635.059390659144,0.2874513321565207
,,3269,1,,ice,42.207,79.846,1988,pos,396.1181564714431,0,4590.0,0,0,False,446.30577922077833,2.95985412132996
,,3269,1,371.073,ice,42.207,79.846,1989,pos,396.1181564714431,0,4590.0,0,0,True,446.30577922077833,2.95985412132996
,,3269,1,,ice,42.207,79.846,1989,pos,396.1181564714431,0,4590.0,0,0,False,446.30577922077833,2.95985412132996
,,3285,1,112.86324856398473,ice,36.75,74.01,1990,pos,3024.0856081336437,1,4205.0,3,0,False,0.0,0.0
,,3634,1,163.5594107701218,ice,35.496,76.27,1990,pos,14962.102056656824,1,4379.0,3,0,False,0.0,0.0
,,4278,1,116.53553645936564,ice,35.253,77.311,1990,pos,192.9933699194905,1,5746.0,7,0,False,0.0,0.0
,,2413,1,,moraine,43.171,77.295,1990,pos,12.744659907242443,0,3542.0,0,0,False,3148.420869851302,0.3585924648165993
,,3269,1,343.4917595497103,ice,42.207,79.846,1990,pos,121243.04376581848,1,4590.0,4,0,False,0.0,0.0
,,5422,1,28.314803870102057,moraine,27.965,88.895,1990,pos,3879.1784578149714,1,6034.0,4,0,False,0.0,0.0
,,4706,1,137.46407603982811,moraine,28.087,90.326,1990,pos,3425.334834489212,1,5124.0,3,0,False,0.0,0.0
,,4557,1,53.189577362696376,other,27.877,86.461,1991,pos,8079.930665402611,1,5707.0,2,0,False,0.0,0.0
,,3269,1,343.4917595497103,ice,42.207,79.846,1991,pos,121243.04376581848,1,4590.0,4,0,False,0.0,0.0
,,4124,1,10.905839352488773,other,35.93,74.609,1992,pos,75.13834104235754,0,5014.0,0,0,False,116.45286248978384,4.405215887630108
,,2648,1,,other,36.043,74.571,1992,pos,7831.738632457032,1,3325.0,2,0,False,0.0,0.0
,,3423,1,6.641361243816792,moraine,42.923,76.602,1992,pos,4.939867729628562,0,3757.0,0,0,False,724.605832686613,0.394697347300671
,,3269,1,283.83073842078556,ice,42.207,79.846,1992,pos,121243.04376581848,1,4590.0,4,0,False,0.0,0.0
,6.206682748018986,5117,1,53.25631686653518,ice,29.748,96.538,1992,pos,459.87038719892183,1,5484.0,5,0,False,0.0,0.0
,,5194,1,302.6159034440116,moraine,27.929,86.447,1992,pos,3625.469075651645,1,5572.0,8,0,False,0.0,0.0
,,4715,1,10.667322214308657,moraine,27.557,88.111,1992,pos,1677.554716692389,1,5168.0,1,0,False,0.0,0.0
,,3627,1,36.58949227188008,moraine,42.528,74.54,1993,pos,301.8810837243457,1,4064.0,3,0,False,0.0,0.0
,,3581,1,0.5293363219948779,moraine,42.537,74.431,1993,pos,4.801137254842468,0,3868.0,0,0,False,479.2889899924044,0.5716801464693405
,,3551,1,52.180656919216666,ice,36.84,73.92,1993,pos,11255.181771618782,1,5067.0,3,0,False,0.0,0.0
,,3634,1,0.2193932690453487,ice,35.496,76.27,1993,pos,77.76671009560117,1,4669.0,2,0,False,0.0,0.0
,,3466,1,83.33647789930858,other,42.522,74.609,1993,pos,536.1258049091829,1,3985.0,2,0,False,0.0,0.0
,,4278,1,1.9060637591359064,ice,35.253,77.311,1993,pos,31140.745454374857,1,6093.0,3,0,False,0.0,0.0
,,3415,1,0.7862521003400469,moraine,43.146,77.271,1993,pos,4.550561231949285,0,3748.0,0,0,False,416.32695146384935,0.8334795496181823
,3.675046308806336,4574,1,38.48798521714529,moraine,36.033,73.197,1993,pos,14.602316349202177,1,4722.0,2,0,False,0.0,0.0
,,3269,1,19.15788572354551,ice,42.207,79.846,1993,pos,396.1181564714431,0,4590.0,0,0,False,373.6848416540224,3.508303933863591
,1.0692497853376068,5302,1,17.902470307803707,moraine,30.356,82.118,1994,pos,1260.7187797021004,1,5713.0,1,0,False,0.0,0.0
,-17.528538394335122,2857,1,0.144143080179491,ice,36.62,74.07,1994,pos,8188.853082122288,0,4221.0,0,0,False,175.40452724040887,7.747804582816491
,-3.2533493749664033,4762,1,3.994105459561251,moraine,36.027,73.196,1994,pos,14.602316349202177,1,4722.0,2,0,False,0.0,0.0
,,3584,1,,moraine,42.97,77.03,1994,pos,220.07365682083116,0,3803.0,0,0,False,408.5214139508389,0.5360796093454094
,,3269,1,255.90156838724903,ice,42.207,79.846,1994,pos,121243.04376581848,1,4590.0,4,0,False,0.0,0.0
,2.994450410724652,4513,1,24.399810180007837,moraine,28.092,90.3,1994,pos,2094.2350308936216,1,5078.0,1,0,False,0.0,0.0
,-1.6684591890859597,5206,1,10.308361841841451,moraine,28.802,91.937,1995,pos,861.8307921730309,1,5769.0,3,0,False,0.0,0.0
,0.1418328434546625,4735,1,6.776400653457245,moraine,28.662,85.37,1995,pos,1234.0603741806729,1,5350.0,2,0,False,0.0,0.0
,,3930,1,0.1970399153203944,moraine,43.0,77.1,1995,pos,149.5953499162941,0,4025.0,0,0,False,36.23870400048423,10.513621016770053
,-18.369397657844836,3269,1,251.64477126048612,ice,42.207,79.846,1995,pos,121243.04376581848,1,4590.0,4,0,False,0.0,0.0
,1.703219339826146,5202,1,20.490726987090863,moraine,28.663,85.478,1995,pos,1027.6226055786458,1,5490.0,1,0,False,0.0,0.0
,0.3032730141900611,2941,1,1.7328530072273267,ice,36.5,75.22,1996,pos,32873.35872491452,1,5122.0,4,0,False,0.0,0.0
,,3316,1,8.394317754878163,other,43.08,77.15,1996,pos,120.7850516719826,1,4128.0,3,0,False,0.0,0.0
,0.0159007086227889,5009,1,5.6447845269314225,moraine,27.705,92.387,1996,pos,313.8026622573356,1,5109.0,1,0,False,0.0,0.0
,-27.374733372416944,3269,1,206.6180926876256,ice,42.207,79.846,1996,pos,121243.04376581848,1,4590.0,4,0,False,0.0,0.0
,3.777239931268982,5114,1,48.80677407892184,moraine,27.901,88.782,1997,pos,1411.4292070262454,1,5700.0,3,0,False,0.0,0.0
,,3316,1,8.394317754878163,other,43.08,77.15,1997,pos,120.7850516719826,1,4128.0,3,0,False,0.0,0.0
,2.4679493361600953,3487,1,12.864760102268743,ice,43.04,77.04,1997,pos,132.73643859648095,1,3993.0,3,0,False,0.0,0.0
,,3454,1,12.864760102268743,ice,43.016,77.024,1997,pos,132.73643859648095,1,3993.0,3,0,False,0.0,0.0
,-8.377995912295324,3269,1,241.94075885930897,ice,42.207,79.846,1997,pos,120846.92560934702,1,4369.0,3,0,False,0.0,0.0
,-0.1167309076616684,4779,1,0.9482907427474104,ice,35.677,77.193,1997,pos,27626.56738116892,1,5653.0,3,0,False,0.0,0.0
,-0.8803268064127414,2317,1,0.0656622069793875,ice,43.006,76.566,1997,pos,,0,,0,0,False,,
,-2.5866964196927165,5128,1,2.0631761220566043,moraine,27.903,90.418,1997,pos,49.25855174066616,0,5210.0,0,0,False,377.2418210911498,0.1484458956274341
5.111276087743841,0.460321435315565,4825,1,39.91989250098235,moraine,27.899,90.807,1998,pos,435.01389673558,0,5171.0,0,0,False,93.3905999912547,4.914841536974618
,1.7621814047416322,3423,1,9.073997979125954,moraine,42.923,76.602,1998,pos,4.060653348751401,0,3681.0,0,0,False,732.4068811380482,0.3932240499331356
,,3826,1,7.25056128161129,moraine,39.75,71.568,1998,pos,214.21974843524947,1,4164.0,2,0,False,0.0,0.0
,43.95803373043837,3269,1,238.9480543757374,ice,42.207,79.846,1998,pos,120846.92560934702,1,4369.0,3,0,False,0.0,0.0
-17.154349580508335,0.34970612105556,4379,1,44.66578150883017,moraine,27.743,86.845,1998,pos,994.237220453094,1,5761.0,3,0,False,0.0,0.0
-0.333085792907373,0.6977688270352002,5010,1,6.503130631658225,moraine,27.955,86.776,1998,pos,11626.125066732258,1,5399.0,4,0,False,0.0,0.0
,17.53615198107204,4779,1,87.97260670634473,ice,35.677,77.193,1998,pos,27626.56738116892,1,5653.0,3,0,False,0.0,0.0
23.011191478780365,-15.060844539028594,3627,1,116.18082974355912,moraine,42.528,74.54,1999,pos,770.2473694736645,1,3944.0,2,0,False,0.0,0.0
,1.514526736579036e-07,3475,1,0.2893841692208727,other,36.342,75.479,1999,pos,53385.61402318674,1,4744.0,4,0,False,0.0,0.0
5.705936492163037,-9.346181029150152,3466,1,34.55397865341369,other,42.522,74.609,1999,pos,536.1258049091829,1,3985.0,2,0,False,0.0,0.0
,-11.027674848136552,3269,1,200.7631941465663,ice,42.207,79.846,1999,pos,120846.92560934702,1,4369.0,3,0,False,0.0,0.0
,37.74224522596508,4779,1,190.82678777416197,ice,35.677,77.193,1999,pos,27626.56738116892,1,5653.0,3,0,False,0.0,0.0
-33.727340599958566,22.71862116658327,3466,1,124.83972952546176,other,42.522,74.609,2000,pos,536.1258049091829,1,3985.0,2,0,False,0.0,0.0
-8.800045676701876,6.03244583211869,4278,1,72.53530807585625,ice,35.253,77.311,2000,pos,240.10839387070683,1,5864.0,10,0,False,0.0,0.0
-7.358756327729955,3.4645917355784377,3551,1,19.69521972859104,ice,36.84,73.92,2000,pos,11255.181771618782,1,5067.0,3,0,False,0.0,0.0
-19.3864876951877,-0.5932339750611049,3475,1,0.2893841692208727,ice,36.342,75.479,2000,pos,53385.61402318674,1,4744.0,4,0,False,0.0,0.0
-68.20623076687968,-49.83683310903485,3269,1,2.460605715311892,ice,42.207,79.846,2000,pos,15.30288523289357,0,3939.0,0,0,False,737.1968067033446,0.8220328608176684
-24.917250728225337,2.9247838045506938,3634,1,38.9731571289951,moraine,35.496,76.27,2000,pos,14962.102056656824,1,4379.0,3,0,False,0.0,0.0
-2.5320415993738576,-0.8536792168006425,3475,1,0.2893841692208727,ice,36.342,75.479,2001,pos,53385.61402318674,1,4744.0,4,0,False,0.0,0.0
-68.19293022724223,-40.81819685482529,3269,1,2.5271084134991435,ice,42.207,79.846,2001,pos,15.30288523289357,0,3939.0,0,0,False,737.1968067023015,0.8220328608188314
6.314862208633272,3.1021354416456446,4909,1,74.54239536871982,moraine,28.211,89.745,2001,pos,1140.8681160207914,1,5457.0,2,0,False,0.0,0.0
5.385482412503921,6.177517384200959,4864,1,42.44994977871511,moraine,28.139,85.92,2002,pos,1072.9266470242585,1,5373.0,4,0,False,0.0,0.0
,0.0433592498077272,2807,1,0.5784413877739918,ice,36.35,74.57,2002,pos,10772.70117108293,1,3839.0,3,0,False,0.0,0.0
-13.934814815971984,-13.489049370332268,4278,1,0.3665723468038601,ice,35.253,77.311,2002,pos,4.77584455649814,0,5483.0,0,0,False,334.9740552584595,1.1105337686913457
,,3475,1,28.151100000000003,ice,36.342,75.479,2002,pos,12114.925020240147,0,4744.0,0,0,True,152.57429173609717,8.317259648138812
,,3269,1,255.6962,ice,42.207,79.846,2002,pos,396.1181564714431,0,4590.0,0,0,True,446.30577922077833,2.95985412132996
13.674008504930848,-5.278049468531623,4386,1,69.72871314311578,ice,37.22,71.734,2002,pos,93.89462889136958,1,4688.0,3,1,False,0.0,0.0
-0.2042428658022218,-0.0875119581405533,4779,1,0.5107309520446435,ice,35.677,77.193,2002,pos,9711.114969629114,0,5539.0,0,0,False,6.440833840708602,95.01875302727412
,,3475,1,,ice,36.342,75.479,2002,pos,12114.925020240147,0,4744.0,0,0,False,152.57429173609717,8.317259648138812
26.788469480885965,158.53404847858064,3785,1,852.5117202062428,moraine,36.613,73.896,2002,pos,4537.102561913929,1,4433.0,9,0,False,0.0,0.0
-7.307162715207878,2.7343307662523446,4124,1,15.679550436656816,moraine,30.684,94.324,2002,pos,4397.202677950341,1,5270.0,3,0,False,0.0,0.0
0.0624481753182692,0.5932402914630928,4667,1,40.04299754481685,moraine,29.632,93.546,2002,pos,18.341674630667168,0,5137.0,0,0,False,950.4115758595412,0.6039488728668746
1.0511482784844646,-4.264815019258698,5187,1,5.551901061891213,moraine,34.477,76.971,2003,pos,370.84046975806376,1,5338.0,5,0,False,0.0,0.0
,,3466,1,,other,42.522,74.609,2003,pos,536.1258049091829,1,3985.0,2,0,False,0.0,0.0
,,3475,1,6.9846,ice,36.342,75.479,2003,pos,12114.925020240147,0,4744.0,0,0,True,152.57429173609717,8.317259648138812
,,3269,1,289.5437,ice,42.207,79.846,2003,pos,396.1181564714431,0,4590.0,0,0,True,446.30577922077833,2.95985412132996
,,3551,1,1.2776,ice,36.84,73.92,2004,pos,3568.324753033535,0,5044.0,0,0,True,4.149001323136527,359.8456312063392
,,5363,1,,ice,30.267,81.474,2004,pos,1182.5315243578225,1,5446.0,4,1,False,0.0,0.0
,,3269,1,350.59340000000003,ice,42.207,79.846,2004,pos,396.1181564714431,0,4590.0,0,0,True,446.30577922077833,2.95985412132996
,,4779,1,223.2507,ice,35.677,77.193,2004,pos,9444.515664037286,0,5524.0,0,0,True,1036.8106749478602,0.7185497005395561
,,4403,1,,other,36.384,72.706,2005,pos,62.786733425222515,0,4876.0,0,0,False,88.27843220331903,5.3580471265122505
,,3600,1,,moraine,42.537,74.427,2005,pos,15.213456542195203,0,3863.0,0,0,False,438.26358876424786,0.6000954830438213
,,3269,1,273.5822,ice,42.207,79.846,2005,pos,396.1181564714431,0,4590.0,0,0,True,446.30577922077833,2.95985412132996
,,3542,1,33.196000000000005,other,43.128,77.509,2005,pos,451.6630229969171,0,3822.0,0,0,True,165.946078528152,1.6872950688768416
,,4762,1,,moraine,36.027,73.196,2005,pos,5.679545589936141,0,4781.0,0,0,False,144.533488705546,0.131457423259935
,,4779,1,221.2477,ice,35.677,77.193,2005,pos,9444.515664037286,0,5524.0,0,0,True,1036.8106749478602,0.7185497005395561
0.1403409711985762,0.4367659847804642,5052,1,11.304360025361008,moraine,29.752,96.465,2006,pos,308.64900313465694,0,5162.0,0,0,False,3.2705032253926034,33.63396774720967
,,5363,1,,ice,30.267,81.474,2006,pos,1182.5315243578225,1,5446.0,4,1,False,0.0,0.0
,,3861,1,3.6286,moraine,41.859,76.995,2006,pos,23.150194426182768,1,3927.0,1,0,True,0.0,0.0
,,3269,1,211.5032,ice,42.207,79.846,2006,pos,396.1181564714431,0,4590.0,0,0,True,446.30577922077833,2.95985412132996
,,4779,1,128.3359,ice,35.677,77.193,2006,pos,9444.515664037286,0,5524.0,0,0,True,1036.8106749478602,0.7185497005395561
,,3090,1,,other,36.428,74.806,2007,pos,7518.40795003588,1,4647.0,3,0,False,0.0,0.0
,,5363,1,,ice,30.267,81.474,2007,pos,1182.5315243578225,1,5446.0,4,1,False,0.0,0.0
-47.35035584421432,,3269,1,5.188979638237347,ice,42.207,79.846,2007,pos,37334.18715891103,0,4369.0,0,0,False,545.0174680673999,2.0311275598658467
0.3637587522511609,1.217875813154322,5301,1,97.42889195877902,moraine,28.278,90.225,2007,pos,9308.514278229808,1,5773.0,1,0,False,0.0,0.0
,,2551,1,,moraine,36.457,74.879,2008,pos,6222.494125174963,0,4702.0,0,0,False,225.02897503437825,9.55876904150404
,,3090,1,,other,36.428,74.806,2008,pos,7518.40795003588,1,4647.0,3,0,False,0.0,0.0
,,3090,1,,other,36.428,74.806,2008,pos,7518.40795003588,1,4647.0,3,0,False,0.0,0.0
,,3090,1,,other,36.428,74.806,2008,pos,7518.40795003588,1,4647.0,3,0,False,0.0,0.0
,,4779,1,35.8967,ice,35.677,77.193,2008,pos,9444.515664037286,0,5524.0,0,0,True,1036.8106749478602,0.7185497005395561
,,5363,1,,ice,30.267,81.474,2008,pos,1182.5315243578225,1,5446.0,4,1,False,0.0,0.0
,,3090,1,,other,36.428,74.806,2008,pos,7518.40795003588,1,4647.0,3,0,False,0.0,0.0
-47.25758783941822,,3269,1,2.660115178646293,ice,42.207,79.846,2008,pos,15.30288523289357,0,3939.0,0,0,False,730.4281550686966,0.8296503849074737
-14.96468777411863,,3893,1,3.1389946298207425,moraine,41.941,77.017,2008,pos,411.9674860615904,1,3887.0,2,0,False,0.0,0.0
0.6799151880331565,-0.0787858772856855,4181,1,4.74310668536486,other,28.323,97.835,2008,pos,2.8687833282970057,0,4361.0,0,0,False,1034.6463560826603,0.2010348741646584
-36.413803743593625,,3269,1,18.69417542859816,ice,42.207,79.846,2009,pos,37334.18715891103,0,4369.0,0,0,False,43.63108321069786,25.37182023774683
-4.956982733012844,-0.2720921135168901,4414,1,0.8596846222362232,other,37.094,71.637,2009,pos,22.073896283016634,0,4739.0,0,0,False,63.34384612223799,4.009860713380786
,,2648,1,,other,36.043,74.571,2009,pos,7831.738632457032,1,3325.0,2,0,False,0.0,0.0
-5.955137597550065,,3090,1,0.361304071158535,other,36.428,74.806,2009,pos,3058.7395123229167,0,4647.0,0,0,False,459.1785108719767,1.705219171761955
0.9505734435831098,0.823830066879809,4268,1,5.30727775284766,ice,28.101,90.164,2009,pos,11985.498857222092,1,4479.0,3,1,False,0.0,0.0
0.8996722934824183,,5363,1,10.858059427184449,ice,30.267,81.474,2009,pos,3563.976508692848,1,5306.0,4,1,False,0.0,0.0
0.0719188449823054,,3363,1,0.6473043636797607,ice,36.784,74.004,2009,pos,1180.3473959088044,0,4077.0,0,0,False,197.21054905855655,3.671203206198807
-38.15076484557024,,4779,1,0.0729635463107982,ice,35.677,77.193,2009,pos,27626.56738116892,1,5653.0,3,0,False,0.0,0.0
-1.742288322413201,0.3702197369073625,4760,1,9.25545604365834,moraine,30.83,94.0,2009,pos,228.95798326357772,0,5331.0,0,0,False,159.53602008571974,4.03670594047648
8.478009074696327,0.0318610337474353,4706,1,133.18714099835577,moraine,28.087,90.326,2009,pos,3425.334834489212,1,5124.0,3,0,False,0.0,0.0
-2.705120249587774,,4124,1,0.4363043511873737,other,35.93,74.609,2010,pos,4.808953988198107,0,4858.0,0,0,False,25.680641058777628,1.8691122192058216
,,3301,1,0.3630657056100978,other,36.039,74.633,2010,pos,9422.807452033634,1,4177.0,3,0,False,0.0,0.0
-3.9686545860690847,,3997,1,0.7213454621504333,ice,36.546,73.353,2010,pos,80.88699587461582,1,4995.0,3,1,False,0.0,0.0
2.448650270060645,,3466,1,137.08298087576495,other,42.522,74.609,2010,pos,536.1258049091829,1,3985.0,2,0,False,0.0,0.0
0.593227877248421,,3475,1,3.255523555462977,ice,36.342,75.479,2010,pos,53385.61402318674,1,4744.0,4,0,False,0.0,0.0
5.402320116515645,,3269,1,29.47220629789011,ice,42.207,79.846,2010,pos,120846.92560934702,1,4369.0,3,0,False,0.0,0.0
,,2648,1,,other,36.043,74.571,2010,pos,7831.738632457032,1,3325.0,2,0,False,0.0,0.0
-0.0952007759348674,0.0951988937350037,5485,1,46.887034525872494,moraine,27.951,87.985,2010,pos,1387.6835949844196,1,5573.0,1,0,False,0.0,0.0
-1.6087055187957842,,4313,1,0.2899713168023337,other,36.174,71.898,2010,pos,2289.1125398889712,1,4911.0,3,0,False,0.0,0.0
-3.539291389079085,,5684,1,4.819715586937388,moraine,33.019,78.488,2010,pos,1399.0534513109535,1,6053.0,4,0,False,0.0,0.0
21.26139779141528,,3269,1,108.83409737057556,ice,42.207,79.846,2011,pos,120846.92560934702,1,4369.0,3,0,False,0.0,0.0
3.0302306490727133,,5093,1,71.42660876598136,ice,35.411,77.604,2011,pos,137158.2887612841,1,5845.0,4,0,False,0.0,0.0
0.0310350813680306,,5363,1,5.894448782350438,ice,30.267,81.474,2011,pos,3563.976508692848,1,5306.0,4,1,False,0.0,0.0
,17.336393165096368,3269,1,91.87094546371918,ice,42.207,79.846,2012,pos,120846.92560934702,1,4369.0,3,0,False,0.0,0.0
-8.511763301030268,,4762,1,8.642454136944618,moraine,36.027,73.196,2012,pos,57.692688519840445,1,4788.0,4,0,False,0.0,0.0
-36.26348340862874,1.985037409477767,3600,1,11.182868988317471,moraine,42.537,74.427,2012,pos,58.72800884139954,1,4075.0,3,0,False,0.0,0.0
3.77656539804538,,5093,1,19.248735467221262,ice,35.411,77.604,2013,pos,137158.2887612841,1,5845.0,4,0,False,0.0,0.0
-0.1389206458745074,,3860,1,0.0771592717680262,moraine,30.747,79.062,2013,pos,1954.5334152206617,1,4934.0,4,0,False,0.0,0.0
-0.990829129053992,1.2226902751356128,5014,1,36.375707114929895,moraine,30.473,93.534,2013,pos,1686.3667722534033,1,5566.0,3,0,False,0.0,0.0
-0.0287767803597997,,3363,1,0.071915776908725,ice,36.784,74.004,2013,pos,1337.1330924711394,1,4476.0,1,0,False,0.0,0.0
,7.210561188016527,3807,1,36.25304325784227,moraine,41.987,76.814,2013,pos,212.5302487563736,1,4093.0,2,0,False,0.0,0.0
-1.675440221889773,,4588,1,25.92528116766543,moraine,36.475,71.129,2013,pos,442.085281974219,1,4840.0,3,0,False,0.0,0.0
-1.0674038858141877,-0.9900557122758484,3864,1,3.248597955308114,moraine,30.531,94.944,2013,pos,1828.241039420278,1,4495.0,1,0,False,0.0,0.0
,8.109194357058037,3886,1,40.98195284388251,other,35.997,74.666,2014,pos,313.16153241370097,1,4158.0,3,0,False,0.0,0.0
,-11.665274508361486,5093,1,7.025220278733886,ice,35.411,77.604,2014,pos,397.4814279507064,1,5693.0,6,0,False,0.0,0.0
,0.4063630624101029,3374,1,2.621587048783638,ice,43.144,77.277,2014,pos,123.7876966489723,1,3766.0,3,1,False,0.0,0.0
,1.763142262207311,3769,1,10.685718718664662,moraine,41.973,76.828,2014,pos,1567.8751253419168,1,4131.0,2,0,False,0.0,0.0
,6.566203405225679,5411,1,41.80403879309199,moraine,33.617,77.613,2014,pos,617.9301125815533,1,5836.0,13,0,False,0.0,0.0
,5.814747974871493,3269,1,58.54594617224758,ice,42.207,79.846,2015,pos,311.3018513834968,1,4448.0,4,0,False,0.0,0.0
46.48818333990515,40.3920329435325,4368,1,240.85642563863465,moraine,27.874,86.586,2015,pos,1211.6013839271177,1,6519.0,5,0,False,0.0,0.0
5.413156303953774,3.333893170094492,4960,1,45.874527376079726,ice,27.906,86.891,2015,pos,1912.58710047208,1,5878.0,5,1,False,0.0,0.0
0.1109299561222359,0.0475417925713186,4284,1,5.625828590637876,moraine,28.07,89.58,2015,pos,841.8661642368787,1,4946.0,2,0,False,0.0,0.0
,13.980444577399911,3886,1,72.30022551433073,other,35.997,74.666,2015,pos,1441.3448211446407,1,4981.0,7,0,False,0.0,0.0
,0.7678096040947717,4060,1,5.287797776593397,other,36.22,71.775,2015,pos,1990.970770397491,1,5108.0,3,0,False,0.0,0.0
,0.2029722428206151,4313,1,1.3048325309054092,other,36.174,71.898,2015,pos,78.39424811685454,1,4591.0,3,0,False,0.0,0.0
4.0903817886827785,-5.710667001652351,5045,1,49.08252487707486,ice,30.737,94.253,2015,pos,38.491701411148654,1,5418.0,4,1,False,0.0,0.0
,10.22839486521289,4779,1,52.38215161562131,ice,35.677,77.193,2015,pos,27626.56738116892,1,5653.0,3,0,False,0.0,0.0
,-4.649622132205051,3515,1,19.63925625805924,moraine,43.007,76.847,2015,pos,568.0091106001705,1,3931.0,3,0,False,0.0,0.0
,10.568890194074488,3627,1,105.6070139675213,moraine,42.528,74.54,2015,pos,301.8810837243457,1,4064.0,3,0,False,0.0,0.0
2.604825288584159,-3.1480348434740506,5530,1,29.846888068606873,moraine,30.31,82.2,2015,pos,3244.378446243112,1,6035.0,5,0,False,0.0,0.0
0.7178283156572121,-0.7776073984462044,5493,1,68.39632434283155,moraine,27.943,87.896,2015,pos,5104.192419785461,1,5687.0,4,0,False,0.0,0.0
,36.85279721255178,3269,1,293.0980834333344,ice,42.207,79.846,2016,pos,493.547497278378,1,4448.0,8,0,False,0.0,0.0
,0.0431281006566769,3363,1,0.8629866216640066,ice,36.784,74.004,2016,pos,2288.1245631193424,1,4476.0,2,0,False,0.0,0.0
3.762508833770273,3.5244235904752386,4960,1,50.63652609478478,ice,27.906,86.891,2016,pos,1912.58710047208,1,5878.0,5,1,False,0.0,0.0
,10.170031054516446,4779,1,52.09033256213909,ice,35.677,77.193,2016,pos,27626.56738116892,1,5653.0,3,0,False,0.0,0.0
1.3443793080103874,2.992552733965893,4608,1,46.97598371532999,moraine,28.078,86.064,2016,pos,1702.383622773496,1,5302.0,10,0,False,0.0,0.0
,10.170031054516446,4779,1,52.09033256213909,ice,35.677,77.193,2016,pos,27626.56738116892,1,5653.0,3,0,False,0.0,0.0
8.227127881099213,10.545789891948871,4793,1,56.5415149879333,moraine,27.813,87.139,2017,pos,956.341501584254,1,5267.0,4,0,False,0.0,0.0
56.595207847896134,39.258814682799766,3269,1,288.165018877718,ice,42.207,79.846,2017,pos,413.9754463270959,1,4448.0,6,0,False,0.0,0.0
3.886403149372076,3.743681279251604,5212,1,28.70892088315636,ice,27.989,86.811,2017,pos,15584.829400858824,1,5399.0,5,1,False,0.0,0.0
,0.6070649510225434,3475,1,6.797266876391491,ice,36.342,75.479,2017,pos,12114.925020240147,0,4744.0,0,0,False,1006.500353837336,0.4709387316088364
,3.607120519249734,5117,1,19.587741210502937,other,34.588,76.733,2017,pos,3.941165671661519,1,5049.0,1,0,False,0.0,0.0
,-15.65962270984564,3835,1,5.3045697684676805,moraine,42.4,74.7,2017,pos,149.1353804666383,1,3770.0,2,0,False,0.0,0.0
,2.3783186152775797,4779,1,14.371834266288213,ice,35.677,77.193,2017,pos,27626.56738116892,1,5653.0,3,0,False,0.0,0.0
,1.070019751189432,3475,1,8.677971344568109,ice,36.342,75.479,2018,pos,16.418900058028726,0,5695.0,0,0,False,1186.9493054452205,0.6251320057192151
,1.070019751189432,3475,1,8.677971344568109,ice,36.342,75.479,2018,pos,16.418900058028726,0,5695.0,0,0,False,1186.9493054452205,0.6251320057192151
,1.070019751189432,3475,1,8.677971344568109,ice,36.342,75.479,2018,pos,16.418900058028726,0,5695.0,0,0,False,1186.9493054452205,0.6251320057192151
17.02692940455795,15.492292022469462,5361,1,119.3155988621328,moraine,28.245,86.321,2018,pos,1320.4754087802253,1,5597.0,8,0,False,0.0,0.0
,-0.1608477868856182,4454,1,4.899493462003118,moraine,35.47,69.628,2018,pos,292.8079623118897,1,4717.0,3,0,False,0.0,0.0
,15.439891234145666,4369,1,162.58714691641947,other,36.5,74.06,2018,pos,1751.6535297681748,1,5712.0,10,0,False,0.0,0.0
8.355384875401633,-0.8122797911594347,3269,1,44.43703955565446,ice,42.207,79.846,2018,pos,287.48703260372463,1,4242.0,3,0,False,0.0,0.0
,6.14031104623619,4779,1,31.649878138067468,ice,35.677,77.193,2018,pos,2038.4293224367989,1,6424.0,5,0,False,0.0,0.0
1.4893796298449915,1.793449604635665,3475,1,11.570664614480666,ice,36.342,75.479,2019,pos,16.418900058028726,0,5695.0,0,0,False,1186.9493054452205,0.6343994613296078
2.1068489842358757,2.756332741013361,4453,1,135.13009129171837,moraine,28.106,90.263,2019,pos,1100.0395676683827,1,5697.0,3,0,False,0.0,0.0
,-0.0144654255871007,2722,1,0.1446549189453982,ice,36.361,74.563,2019,pos,4.217294672302271,0,4496.0,0,0,False,296.9315471321134,0.4546502428047317
6.480540002925659,6.653323265742927,3269,1,51.09687544322646,ice,42.207,79.846,2019,pos,343.68647517804334,1,4448.0,5,0,False,0.0,0.0
4.979090585364805,5.328487716623451,4412,1,27.66161933378876,moraine,35.86,71.97,2019,pos,55.70223684058535,1,4554.0,6,0,False,0.0,0.0
6.652909300339806,-3.7943419526500906,4779,1,33.337510048009825,ice,35.677,77.193,2019,pos,27626.56738116892,1,5653.0,3,0,False,0.0,0.0
0.2805825035974684,-1.415179325239684,3754,1,2.8715593869942415,moraine,41.978,77.267,2019,pos,240.34740915710185,1,3917.0,2,0,False,0.0,0.0
0.8139031383231586,-8.604162069467817,3515,1,8.995166865690662,ice,43.007,76.847,2019,pos,31.78589682847882,1,3941.0,2,0,False,0.0,0.0
0.0289243739932958,-0.0723343209485553,2722,1,0.2169480777539729,ice,36.361,74.563,2020,pos,4592.042245631373,1,3839.0,1,0,False,0.0,0.0
0.0289243739932958,-0.0723343209485553,2722,1,0.2169480777539729,ice,36.361,74.563,2020,pos,4592.042245631373,1,3839.0,1,0,False,0.0,0.0
14.56759135633772,22.56224749358291,4442,1,164.49570757652222,moraine,30.356,93.631,2020,pos,12984.172638158188,1,5357.0,3,0,False,0.0,0.0
1.4121996097188754,1.5577636849104262,4412,1,9.681576671818007,ice,35.86,71.97,2020,pos,40.098011268689135,1,4554.0,3,1,False,0.0,0.0
2.8974418968143056,7.294546196161586,3257,1,51.96028853793526,moraine,30.436,94.544,2020,pos,1042.0140855935847,1,4517.0,4,0,False,0.0,0.0
41.08079332533085,35.266045350459365,3269,1,234.8761729245444,ice,42.207,79.846,2020,pos,416.99995801419186,1,4448.0,5,0,False,0.0,0.0
3.3476112981516786,1.9396121850255357,4942,1,44.25254695216794,other,36.853,73.023,2020,pos,4642.357993309743,1,5288.0,4,0,False,0.0,0.0
-0.0143921353470979,-0.650484249935156,3475,1,3.689981444543285,ice,36.342,75.479,2021,pos,62981.612384308406,1,4744.0,4,0,False,0.0,0.0
0.5206778836689934,-0.4050924175511045,2722,1,2.8203785555516157,ice,36.361,74.563,2021,pos,10772.70117108293,1,3839.0,3,0,False,0.0,0.0
-8.38976984205105,-0.5061064819577329,4281,1,3.907028519061659,other,36.33,73.68,2021,pos,4.146547295785849,1,4414.0,1,0,False,0.0,0.0
1.869147479748132,-1.5681311732908916,4765,1,23.126267879245024,moraine,28.131,85.515,2021,pos,618.3149697925246,1,5494.0,6,0,False,0.0,0.0
84.04325342369586,47.19045621114408,3269,1,529.0503644890548,ice,42.207,79.846,2021,pos,85354.60346809277,1,4448.0,12,0,False,0.0,0.0
0.1023934764433892,0.0146277374841181,4345,1,2.1941481993943555,ice,35.46,69.639,2021,pos,8.213756782039775,0,4636.0,0,1,False,913.0370978145064,0.1150008036380269
12.582688626246602,-1.3060424431398814,3405,1,72.94420461018055,moraine,48.624,90.977,2021,pos,8229.618312591454,1,3897.0,12,0,False,0.0,0.0
-3.737723909170626,-3.5740250618390084,5245,1,3.647929542099669,moraine,34.0,77.422,2021,pos,305.6684982356074,1,5578.0,5,0,False,0.0,0.0
0.9256469056745436,0.448359762241754,2722,1,4.845223665579367,ice,36.361,74.563,2022,pos,10772.70117108293,1,3839.0,3,0,False,0.0,0.0
94.60419362423843,55.34537894143866,3269,1,564.8919135849113,ice,42.207,79.846,2022,pos,121340.4731066254,1,4448.0,11,0,False,0.0,0.0
64.79294108235591,65.60522087351535,3269,1,372.4631439232312,ice,42.207,79.846,2023,pos,121325.1702213925,1,4448.0,10,0,False,0.0,0.0
7.237081220341241,3.221736075241523,5207,1,153.86454811508463,moraine,27.913,88.195,2023,pos,7565.515637131982,1,5676.0,5,0,False,0.0,0.0
7.370464787764009,8.976864039291701,4651,1,53.07378893601188,moraine,28.717,98.004,2017,pos,643.7632737809372,1,5278.0,9,0,False,0.0,0.0
3.0229652719094475,0.3602564134370595,3517,0,20.36199108140463,other,29.294,95.887,2019,neg,32.199461715710356,0,4702.0,0,0,False,1999.3918135196864,0.5926802300515331
9.279711765131426,6.37496152489549,4235,0,75.76002531708737,other,29.03,96.193,2019,neg,87.30404580530586,1,4646.0,3,0,False,0.0,0.0
3.673104863436953,1.8445079029960243,3751,0,19.31962628608755,other,27.712,96.938,2019,neg,,0,,0,0,False,,
1.68289945490922,0.4086421822841558,4446,0,38.85513290287924,other,28.846,97.13,2019,neg,7.365499401126054,0,4568.0,0,0,False,2235.084628208959,0.0447410351885123
1.7671808890683096,0.7973829937536084,5332,0,15.713442574943612,other,29.484,90.436,2019,neg,3.210925451582189,0,5779.0,0,0,False,4991.166149115426,0.090760352684369
-5.868962293244877,3.662474642716623,4997,0,84.20371018052238,moraine,29.387,96.375,2019,neg,6041.38075483708,1,4927.0,6,0,False,0.0,0.0
4.373165131014321,-0.2821419170825806,4887,0,25.70605547687556,other,29.22,93.306,2019,neg,,0,,0,0,False,,
10.68232182074117,7.54171413553251,4086,0,64.8526359416624,moraine,28.518,96.421,2019,neg,50.15417602916679,0,4225.0,0,0,False,278.2055878418926,0.3019349850289066
12.7737448800416,5.283600812506559,4615,0,85.3139092194114,other,30.075,93.974,2019,neg,2.30998414947373,0,4932.0,0,0,False,1342.8723809832577,0.1802107210089513
1.2036973903288242,-2.074641841968878,5139,0,44.81918465719032,moraine,28.143,91.664,2019,neg,576.6047608433062,1,5900.0,8,0,False,0.0,0.0
1.44270391217907,-4.186742972834637,3533,0,8.38937567205313,other,29.18,95.486,2019,neg,,0,,0,0,False,,
2.3378944620175277,-0.7013590894703803,4400,0,13.091728341601566,other,29.815,94.572,2019,neg,,0,,0,0,False,,
3.125289125275208,79.49381238572036,5352,0,605.7510140562815,moraine,28.532,85.609,2019,neg,2570.2592331130572,1,6126.0,5,0,False,0.0,0.0
0.9843490674998294,0.1111247140518928,4306,0,6.270633293082294,other,27.904,92.81,2019,neg,60.07115037313155,0,4332.0,0,0,False,701.6795362063242,0.562935043161716
1.3519584225238177,0.2377034789145483,5386,0,42.41572696880417,other,34.2,78.516,2019,neg,5.13796273522096,0,5614.0,0,0,False,893.1294803556533,0.2127351119619744
1.090365188707753,0.0790066609541924,4430,0,5.846844886103713,other,28.372,84.579,2019,neg,10.464011097526882,0,5011.0,0,0,False,1425.61237450656,0.4075441616456918
0.0317513489955445,-0.0952593182339029,4910,0,68.34940333911919,moraine,27.869,87.866,2019,neg,1786.949674021879,1,5532.0,2,0,False,0.0,0.0
5.16829313161815,-1.6012348083046677,4422,0,33.769227054090805,other,28.014,91.676,2019,neg,693.30728801391,1,5225.0,8,0,False,0.0,0.0
1.4599325879230036,0.238044450767785,4913,0,99.17787921694097,moraine,27.926,87.771,2019,neg,4142.908481296223,1,5377.0,4,0,False,0.0,0.0
0.0159669839783402,-0.0313596689859462,4054,0,7.446612615986796,other,29.202,95.797,2019,neg,,0,,0,0,False,,
3.486652514016017,-0.0316934685567964,4365,0,17.908720570046363,other,28.062,92.884,2019,neg,,0,,0,0,False,,
10.82273589610581,9.10562783669173,4132,0,61.12592609185298,other,28.687,96.584,2019,neg,25.27768588938695,0,4562.0,0,0,False,2432.69868205016,0.1718256367236282
0.9536305748782276,2.032254862375215,5238,0,25.950361723190497,moraine,29.472,97.035,2019,neg,33.179322225858606,1,5522.0,3,0,False,0.0,0.0
0.7906230033224133,0.0948709896057067,5346,0,60.2461686721027,moraine,28.295,86.151,2019,neg,1144.4593413118346,1,5588.0,2,0,False,0.0,0.0
9.295228428717833,4.003830951777355,4995,0,59.67039283846546,other,30.197,92.976,2019,neg,8.840493389472343,0,5471.0,0,0,False,37.33382850627154,11.03556791478779
1.785443864309666,-1.16423786104632,4363,0,14.67111513336385,moraine,30.181,94.288,2019,neg,97.64742227404474,0,4623.0,0,0,False,140.00571979269236,1.0856699299504882
6.586059072413883,4.0230045509441705,4001,0,40.945479739500186,other,28.923,96.19,2019,neg,2.158159157935689,0,4707.0,0,0,False,2287.7267319280636,0.2662031227334321
4.799857599387433,-1.4393404273243688,4692,0,25.64089834315255,other,29.457,94.052,2019,neg,54.78209785295979,0,4947.0,0,0,False,3583.6125660451603,0.1065963445991516
0.3018924648768746,-0.9055516461680166,4647,0,3.018471081893558,other,27.803,90.585,2019,neg,4.041990804141671,0,5044.0,0,0,False,852.955748431983,0.0363442066683861
11.01266970833441,8.325692161391032,4509,0,61.15419027589118,other,29.578,94.113,2019,neg,37.036430463266974,0,5171.0,0,0,False,2505.3697768997813,0.1604553562139025
1.8289278393902288,0.4531766026824894,4487,0,14.929678042541036,other,29.467,94.131,2019,neg,,0,,0,0,False,,
1.540912860175767,0.2157317510441928,4958,0,12.250375900370043,other,30.909,93.016,2019,neg,6.989824344077882,0,5489.0,0,0,False,4169.821704925014,0.1275833926835888
0.1245543404229797,-0.4203751005564756,4692,0,6.227830803711357,other,29.898,81.747,2019,neg,2.9872442869861167,0,4911.0,0,0,False,1058.414610164865,0.2078580528718622
8.344887122375443,-2.500350881601675,4451,0,45.632126559928,other,29.504,94.969,2019,neg,522.6193131862595,1,5355.0,8,0,False,0.0,0.0
1.686338461862572,-0.1113590107716525,4460,0,9.624662828200693,other,27.651,87.703,2019,neg,9.043024244521352,0,4997.0,0,0,False,2517.5173864388344,0.2133053788993353
2.5524619365460444,-1.1353863910522726,4372,0,16.653582640761854,other,29.933,94.72,2019,neg,,0,,0,0,False,,
5.220048591662229,0.1429692141169482,5563,0,142.55217439021789,moraine,27.933,88.066,2019,neg,16381.892691504148,1,5898.0,4,0,False,0.0,0.0
0.6254881501717373,0.0469109301842605,5296,0,7.505844207520404,other,29.462,91.646,2019,neg,,0,,0,0,False,,
0.6783909025596231,0.4577529677174586,3897,0,10.17572127562104,other,28.563,96.366,2019,neg,4.965609103346287,0,4659.0,0,0,False,3813.4025814168767,0.1020086370884729
4.7721698016928125,2.935793029951789,3682,0,26.372698600278543,other,29.077,94.271,2019,neg,30.859556561452266,0,4736.0,0,0,False,724.8570157530788,0.3228222875885244
0.8528849617834237,-0.0441429607395047,4412,0,14.346351251418618,other,34.965,75.545,2019,neg,2.723337376367835,0,4663.0,0,0,False,984.4399379430504,0.4002275657601294
0.0626813518198901,-4.298117391954292e-06,4266,0,187.04181887230808,moraine,29.23,96.805,2019,neg,915.8827777221468,0,4435.0,0,0,False,1416.6352950008354,0.1538857606959958
3.1762059194832224,-0.0437144288378164,4082,0,19.013569961023656,other,35.782,73.572,2019,neg,2.968581536253464,0,4352.0,0,0,False,1894.7326647120992,0.1414447562926889
8.610972496172895,0.2491580713948565,4266,0,60.65166298622792,other,29.879,94.541,2019,neg,,0,,0,0,False,,
2.0769517080601587,-0.5072733936183248,4780,0,24.096142912845615,other,28.043,91.294,2019,neg,668.3413163761279,1,5207.0,4,0,False,0.0,0.0
3.476336835612918,-7.654583047828725,5099,0,38.974422940843176,other,29.758,93.123,2019,neg,178.25893769817958,1,5377.0,3,0,False,0.0,0.0
3.7314573101260784,-0.2508654975053644,4303,0,35.66741749027776,other,29.216,97.378,2019,neg,115.8148776159101,1,4856.0,4,0,False,0.0,0.0
1.4149759647608022,-0.1056153787170842,5745,0,31.912211268575422,moraine,33.055,78.47,2019,neg,34.21557739939137,0,6003.0,0,0,False,67.1031327003629,3.859730381836544
5.7411997162829635,-6.35780194375568,4724,0,67.05746143699535,moraine,28.292,85.17,2019,neg,435.059531428421,1,5119.0,5,0,False,0.0,0.0
-2.0354010613902473,-2.4737565474320986,3985,0,8.533058152373176,other,29.335,96.008,2019,neg,413.86110326691727,0,4331.0,0,0,False,1346.545444034258,0.2896300319665096
,-0.1560919544365084,4677,0,30.586788944206805,other,29.667,92.394,2019,neg,,0,,0,0,False,,
58.66182752854691,20.13141155387931,4318,0,359.8675636475752,other,30.132,94.123,2019,neg,2414.5315013960585,1,5837.0,18,0,False,0.0,0.0
0.3640387234671465,-0.3007246798761286,5050,0,54.682915338365234,moraine,28.226,87.053,2019,neg,206.1315837896105,0,5717.0,0,0,False,818.9501292276179,0.8999326988263521
0.9119519471249496,-0.5409886283643031,5180,0,5.796298876654649,other,30.612,83.764,2019,neg,,0,,0,0,False,,
-1.6831359303036322,-1.4518102332772288e-06,4988,0,45.75731094969576,moraine,27.98,92.651,2019,neg,20526.271200220097,1,5608.0,4,0,False,0.0,0.0
0.1236989555474814,-0.0927713624346836,5675,0,28.681931180360507,moraine,30.58,84.068,2019,neg,1028.5669096936886,1,5882.0,4,0,False,0.0,0.0
2.639533809619902,0.7705227091617243,4077,0,15.47549241516618,other,28.992,96.257,2019,neg,,0,,0,0,False,,
1.8461870433749537,-0.3129682062297142,5156,0,19.95124722392817,moraine,29.403,97.012,2019,neg,207.7207589478789,0,5343.0,0,0,False,374.6102064374841,0.8996017572634915
0.806996742835333,-2.850373672103301,4854,0,27.155106475455423,other,28.16,87.443,2019,neg,322.4538718500551,0,5111.0,0,0,False,171.34121305007446,1.4532405576423095
10.303175644819085,2.9060041164446604,4704,0,89.43574502867554,moraine,30.099,93.272,2019,neg,1191.0749286667483,1,5411.0,10,0,False,0.0,0.0
1.8701710394032571,0.9826303275366042,4917,0,11.807440646725995,other,28.059,88.631,2019,neg,318.26685679697397,0,5752.0,0,0,False,4778.803475794762,0.174939188069659
2.3777050108602253,1.361624932763131,4357,0,44.76167866794102,moraine,29.354,95.927,2019,neg,58.958986872635734,1,4748.0,1,0,False,0.0,0.0
0.4062272312830746,-0.1093694708860692,5077,0,11.952500422468562,other,29.547,92.479,2019,neg,67.36334039869644,0,5434.0,0,0,False,876.8944416096585,0.4071185573313455
-2.577123483899686,-2.2666137747908683,4442,0,8.69452606994425,other,30.18,95.857,2019,neg,1.0660571070124325,0,4927.0,0,0,False,591.3795541564814,0.7355682098622186
20.377162713651835,-0.2646496770039164,4288,0,115.97677676686112,other,29.894,94.284,2019,neg,1.2519148526111774,0,5192.0,0,0,False,1707.3844713845783,0.4726527700849798
6.8729553158160455,2.3679273127652607,4787,0,258.2892168939074,moraine,28.351,91.079,2019,neg,5814.163047641108,1,5733.0,9,0,False,0.0,0.0
0.806088124144995,-1.2172244494059448,5321,0,9.32681630416205,moraine,28.321,86.511,2019,neg,158.44789370831984,1,5959.0,4,0,False,0.0,0.0
0.173668847297813,-4.437363580128957,4445,0,42.2333924470433,moraine,28.468,85.519,2019,neg,500.5016885592266,1,4815.0,1,0,False,0.0,0.0
0.4356660910208436,0.2020632584864088,5290,0,14.870724101271463,moraine,29.873,90.008,2019,neg,432.3845570816635,1,5686.0,4,0,False,0.0,0.0
1.9821115069188644,0.1341181023521684,4048,0,15.870467538049162,other,33.929,75.389,2019,neg,8.388287869845902,0,4486.0,0,0,False,574.1910927913407,0.7628122510064221
11.075023235800852,1.6138341153395928,5451,0,60.51646915082304,moraine,28.257,90.192,2019,neg,3284.7866415275007,1,6053.0,2,0,False,0.0,0.0
2.109568714234918,-0.8661892430359437,4149,0,11.650001399368117,other,28.767,93.073,2019,neg,42.8117345806495,0,5001.0,0,0,False,4050.545315165262,0.2103420487138133
1.0815786402230647,-0.6426587915370414,3951,0,7.2103304865058755,other,29.219,95.749,2019,neg,,0,,0,0,False,,
0.2377734693887681,-0.1268109687565854,4113,0,32.2578183601439,other,28.058,97.226,2019,neg,3.122794792525334,0,4775.0,0,0,False,1444.0634777849089,0.5809993901978372
10.4942623640533,-6.864914227921659,4798,0,65.49166222645658,moraine,28.508,85.494,2019,neg,3832.38215636592,1,5997.0,5,0,False,0.0,0.0
11.0482013723783,7.961182288894757,4019,0,93.32408819313764,moraine,30.261,93.764,2019,neg,6349.87870190539,1,5227.0,8,0,False,0.0,0.0
1.1925620962068115,-0.1687792126663481,5626,0,33.080376488693396,moraine,32.736,78.726,2019,neg,330.057075395623,1,5990.0,4,0,False,0.0,0.0
1.474027163550636,-4.186742972834637,3544,0,8.38937567205313,other,29.163,95.491,2019,neg,,0,,0,0,False,,
1.6907798525950006,0.0,5002,0,20.51994681744639,other,31.147,93.119,2019,neg,,0,,0,0,False,,
1.585898760835542,-0.044464706053245,3722,0,8.003602843698808,other,34.385,74.944,2019,neg,558.3737516518962,0,3873.0,0,0,False,2008.8907674383115,0.0751658589145449
0.437875690155397,-0.4378545622458887,3916,0,478.3437228074073,other,29.462,96.787,2019,neg,6.323507784832795,0,4978.0,0,0,False,1942.3619692022744,0.5467569983550296
4.298425957576186,-13.831239458758985,5183,0,27.519375347503228,ice,27.975,86.804,2019,neg,11633.607787035166,1,5534.0,5,1,False,0.0,0.0
4.310577291274638,-3.1700673576183505,5172,0,48.42265134460776,moraine,28.034,90.625,2019,neg,721.8325921343177,1,5343.0,4,0,False,0.0,0.0
7.512247096697978,0.1270724312039533,4521,0,39.62549015016138,other,27.834,91.553,2019,neg,3.6858125252155145,0,4922.0,0,0,False,1449.2495278768629,0.2766949322988301
3.0380467702952796,2.8830581671822384,5520,0,26.272107719099736,moraine,30.345,81.831,2019,neg,141.16483995115198,1,5866.0,5,0,False,0.0,0.0
2.2773555541808,-0.8264992407727341,5346,0,18.63621863895106,moraine,29.743,82.705,2019,neg,56.42408597261749,1,6020.0,3,0,False,0.0,0.0
-0.222064179352435,-0.0317223187987316,5101,0,23.55439772111085,other,27.972,90.508,2019,neg,223.4193346941087,0,5246.0,0,0,False,972.8443591456282,0.1490474798325828
7.776588626514193,-2.116589331919903,4984,0,41.704712783585734,other,29.195,92.443,2019,neg,9.5994385095748,1,5560.0,2,0,False,0.0,0.0
24.813532394237416,3.493807740284467,5227,0,290.96023864791437,other,30.591,83.519,2019,neg,,0,,0,0,False,,
1.894596895810583,-1.1594064636953565,4142,0,11.352256657837268,other,29.308,94.637,2019,neg,21.225674285254858,0,5119.0,0,0,False,3883.405626795304,0.1395682172009607
-11.545272062898317,2.961873744421581,4897,0,78.63724243854828,moraine,28.15,89.564,2019,neg,5192.203831476069,1,5535.0,10,0,False,0.0,0.0
6.019044829887344,-1.7810349365216864,4601,0,36.58211975990083,other,29.481,94.118,2019,neg,,0,,0,0,False,,
6.915635718643708,3.667648017028808,5065,0,50.19648963499313,moraine,30.072,93.357,2019,neg,520.2725214979723,1,5561.0,6,0,False,0.0,0.0
2.9337691192957633,0.2378802396503687,5171,0,21.32952575660898,moraine,27.994,88.402,2019,neg,672.5207489097447,1,5386.0,1,0,False,0.0,0.0
-2.399425225007011,-9.6855008329438,5251,0,23.54255660401385,moraine,28.405,85.588,2019,neg,1078.0053296370138,1,5242.0,5,0,False,0.0,0.0
3.772302484521421,3.740517309204952,5002,0,58.00923382888889,other,28.04,90.537,2019,neg,7460.134005325516,1,5395.0,7,0,False,0.0,0.0
4.132673909335699,1.706460190314214,4150,0,23.715763652807308,other,29.363,95.598,2019,neg,,0,,0,0,False,,
1.0149610931285526,0.9832367448901492,4974,0,18.795498449865853,moraine,27.969,88.43,2019,neg,219.84661681921585,1,5394.0,4,0,False,0.0,0.0
2.803483472826477,0.3166752328863367,4358,0,19.007857463769092,other,28.106,97.32,2019,neg,,0,,0,0,False,,
1.4527404549555256,-6.515510407915893,3623,0,22.693008813109635,other,33.503,74.85,2019,neg,417.5899719691893,1,3978.0,4,0,False,0.0,0.0
9.31129003498639,-14.07630773220858,4715,0,67.81877830519738,other,30.214,94.383,2019,neg,226.65093971883496,1,5067.0,3,0,False,0.0,0.0
7.184080216246583,3.8685905397781526,4113,0,61.4269796538369,other,28.447,96.885,2019,neg,4.193507802731833,0,4695.0,0,0,False,198.6847522668479,1.8924451711070656
4.716745528654917,3.761200796854742,4167,0,58.69066332730507,other,29.232,95.981,2019,neg,32.32996275264688,0,4652.0,0,0,False,2780.797624566443,0.135213003880001
5.109951870092488,3.124444175753996,4737,0,33.67935890944208,other,29.507,94.028,2019,neg,54.78209785295979,0,4947.0,0,0,False,3831.772839628546,0.0856000639202287
-0.4270280495974831,-1.8067652578002056,5319,0,39.49218218103164,moraine,27.996,91.511,2019,neg,5288.779757987062,1,5257.0,4,0,False,0.0,0.0
0.7129441829387417,-0.1109029260993978,4029,0,41.50954651285749,other,28.116,97.3,2019,neg,8.719411485533946,0,4824.0,0,0,False,2599.2975549683783,0.4124191160611626
0.3326079392874156,0.1583864621615099,5468,0,20.19400136401706,moraine,28.111,87.065,2019,neg,572.0333087682018,0,5738.0,0,0,False,67.41750450015483,3.292913341215265
1.4279733978651148,1.0355825885082253,3706,0,7.453716010676487,other,29.085,95.438,2019,neg,,0,,0,0,False,,
2.292352409333625,0.0947234708568004,4351,0,38.27020756277958,other,29.796,94.577,2019,neg,,0,,0,0,False,,
-1.440370493397238,1.0176893073156368,4290,0,10.48977280769519,moraine,29.338,96.082,2019,neg,359.97609729848347,0,4506.0,0,0,False,77.1835639229802,2.811479400154929
0.4894162063193675,0.6472523663827985,4038,0,93.44803886244388,moraine,28.488,84.486,2019,neg,11209.79234000959,1,5889.0,4,0,False,0.0,0.0
8.838109698911474,-6.491559102787894,5123,0,58.720747440429406,other,34.765,76.711,2019,neg,403.96872910717053,1,5288.0,4,0,False,0.0,0.0
1.8139333468804617,-0.8201425989237151,4428,0,26.972163500970776,moraine,28.566,85.464,2019,neg,3099.410802809047,1,4848.0,1,0,False,0.0,0.0
2.330913552765775,0.3598040714149828,4438,0,14.313949781501911,other,29.417,94.15,2019,neg,,0,,0,0,False,,
-0.8413600638730205,-1.4130071291536883,5084,0,15.084500416291275,moraine,27.864,88.747,2019,neg,1377.046764944775,1,5388.0,5,0,False,0.0,0.0
1.5089937304559042,1.3660361650488055,4898,0,14.692800925392444,other,27.819,90.272,2019,neg,84.54415303189889,0,5170.0,0,0,False,24.392486145228652,11.1509748690871
-0.0155911695514731,-7.872621040268596,5076,0,21.51478291502122,other,29.764,93.115,2019,neg,60.42817578296424,0,5525.0,0,0,False,512.7097937229854,0.8757390740278944
0.9291358032616976,0.2211965112789229,4687,0,14.598871919241422,other,34.808,75.545,2019,neg,10.7435880658856,0,4800.0,0,0,False,181.47845028184247,0.6226634612787744
-0.0588546571635383,0.0145388886904363,4502,0,26.75444558160897,other,35.918,73.371,2019,neg,5.6260998017968475,0,4364.0,0,0,False,392.2848711004687,0.514931915251622
4.084481045876937,-0.0478658102840078,3901,0,20.741503844231,other,27.33,88.846,2019,neg,,0,,0,0,False,,
0.9086675222225156,0.7970620180075981,4434,0,4.782474988002378,other,27.42,88.812,2019,neg,1.397632714910285,0,5078.0,0,0,False,4837.221410166469,0.1403698409531005
3.9649444407579786,-0.2842922875896952,5665,0,22.593841096877345,other,33.558,78.506,2019,neg,100.77463387809313,1,5827.0,3,0,False,0.0,0.0
,-0.2542491167197706,3857,0,5.324308185390681,other,27.759,96.878,2019,neg,,0,,0,0,False,,
1.911011374888463,-0.0789665726971129,4315,0,9.79197941546195,other,28.432,97.253,2019,neg,,0,,0,0,False,,
1.923113597329138,-1.0628347230582975,4846,0,14.618748633294317,other,29.476,93.299,2019,neg,16.600481209163142,0,5248.0,0,0,False,1254.095097020871,0.3205498537989338
0.1713021772038857,0.2491672250335962,5475,0,10.589545322654311,other,29.877,89.544,2019,neg,3.759430375993417,0,5751.0,0,0,False,774.1322300685583,0.356528238044755
0.2538626413615787,-0.4115598776326941,5273,0,18.3256185511447,moraine,27.946,90.378,2019,neg,394.6219249494716,1,5330.0,2,0,False,0.0,0.0
4.971037108532704,0.0147928222493888,3922,0,26.408397606045085,other,34.537,74.828,2019,neg,,0,,0,0,False,,
0.921876150520662,-0.3654962162285354,4532,0,7.707243481555924,other,27.78,90.4,2019,neg,,0,,0,0,False,,
15.895402238425902,-1.6346262702789889,5131,0,141.67052402564406,moraine,29.912,90.063,2019,neg,2872.675822886555,1,5947.0,13,0,False,0.0,0.0
10.707292245397335,10.598713266991057,4076,0,123.18332598988214,moraine,30.267,93.457,2019,neg,7247.504272886207,1,5319.0,5,0,False,0.0,0.0
2.9380980616560373,-0.267073269477953,4018,0,20.18721829513957,other,29.009,96.084,2019,neg,,0,,0,0,False,,
0.3026648564109538,-0.1752230236093435,4569,0,1.911562848612742,other,27.498,89.093,2019,neg,11.978701035235384,0,5191.0,0,0,False,4861.306279073915,0.2149627980648596
1.6358924042537573,-2.3986706210663513,4613,0,8.814801674801501,other,27.821,90.81,2019,neg,21.6484342188276,0,4796.0,0,0,False,4583.624758541292,0.0933758809995188
1.5788359808321484,-0.9373174972977044,4702,0,10.473280218040104,other,29.497,93.502,2019,neg,,0,,0,0,False,,
1.079885304219672,-1.3180796938786972,3980,0,5.875851821793669,other,27.843,91.271,2019,neg,5.052612031168846,0,4986.0,0,0,False,2157.0706466797287,0.4663732277607531
1.5541909868220192,-0.8325116577731272,4202,0,10.048182998187103,other,29.037,93.735,2019,neg,,0,,0,0,False,,
5.8741673966158885,-2.622940433523657,3671,0,29.60642093057068,other,29.019,95.91,2019,neg,,0,,0,0,False,,
5.93948910395845,-22.743291682002035,5351,0,60.92252017474502,moraine,27.793,86.838,2019,neg,4744.19416693167,1,5671.0,6,0,False,0.0,0.0
5.2071723016501865,-25.798630798010617,4374,0,82.29886071739752,moraine,28.211,85.847,2019,neg,1952.1009389621104,1,5597.0,4,0,False,0.0,0.0
5.612610436104322,-0.7252241606372543,4163,0,31.137755990919768,other,28.597,93.805,2019,neg,,0,,0,0,False,,
0.6676348235626961,-1.0646288813181577,4287,0,4.053489365557364,other,27.74,90.187,2019,neg,,0,,0,0,False,,
0.675324311301253,-0.0171246465746634,5055,0,36.30646838386792,other,31.054,93.301,2019,neg,7.067300406963189,0,5433.0,0,0,False,2421.378305223173,0.1594133387448613
60.28538920502915,-2.5830470624854343,4905,0,305.5017330170101,other,31.112,92.815,2019,neg,,0,,0,0,False,,
38.97502290807638,29.764866534412647,4131,0,252.4550014561344,moraine,29.805,95.642,2019,neg,187.80664091602043,1,5111.0,5,0,False,0.0,0.0
1.6388091407264684,-0.3500282389505343,4325,0,8.98958883337019,other,27.637,92.407,2019,neg,60.2577268048036,0,4433.0,0,0,False,1959.6681697059912,0.0551113712359798
7.158285206598235,-1.145948715513292,4966,0,46.54569858134932,moraine,29.054,94.002,2019,neg,105.02971027801748,1,5167.0,5,0,False,0.0,0.0
1.5365386981728046,-0.5492330442618275,3945,0,8.310024448654985,other,29.167,95.45,2019,neg,,0,,0,0,False,,
0.1372253038405318,-0.0152481561214209,5476,0,17.763037889434454,other,31.9,80.001,2019,neg,388.8402130981613,0,5682.0,0,0,False,614.4516670957125,0.3352582652654949
10.274001723524323,0.868029700214197,4046,0,174.94161221921007,other,28.492,96.692,2019,neg,4.654555845236662,0,3829.0,0,0,False,2844.9006264886025,0.1754015572121774
6.042264754282695,2.5593068136510113,4069,0,89.87355688327557,moraine,32.526,77.22,2019,neg,6736.502035839837,1,4379.0,5,0,False,0.0,0.0
2.2468577020085165,0.280860570803113,4529,0,13.964871760712086,other,29.682,94.494,2019,neg,,0,,0,0,False,,
1.7124576950878834,-0.2695625671805942,5094,0,90.14083012106204,moraine,28.011,88.756,2019,neg,17.062320822867562,0,5436.0,0,0,False,854.422194420895,0.4002705012032121
1.2846677286033563,-2.7903678680621233,4826,0,9.11924486035479,other,27.986,87.583,2019,neg,7.3288444213262975,0,5075.0,0,0,False,1989.104726714241,0.1241764682787788
1.6358924042537573,-2.3986706210663513,4367,0,8.814801674801501,other,27.83,90.811,2019,neg,21.6484342188276,0,4796.0,0,0,False,4583.624758541292,0.0933758809995188
-0.5636708531747786,-2.019529051434962,4911,0,11.899655065788512,other,29.316,92.434,2019,neg,97.9797063579444,0,5543.0,0,0,False,197.62375795451848,1.649599235305637
7.522278791388838,-4.988511445380809,5106,0,75.22136739263706,moraine,28.148,87.469,2019,neg,1839.314240009326,1,5783.0,12,0,False,0.0,0.0
0.2868025335580507,-0.0158320933333745,4064,0,2.1507741114838876,other,27.492,89.149,2019,neg,,0,,0,0,False,,
-0.7362772923873294,-1.8785809531798063,3995,0,9.937157474289506,moraine,29.365,96.124,2019,neg,1572.830683659578,1,4810.0,5,0,False,0.0,0.0
,-0.0159480658954701,4180,0,0.1594801173249469,other,27.402,89.156,2019,neg,,0,,0,0,False,,
0.0743959324778565,-0.4915339644822609,5093,0,18.154068719620277,moraine,34.051,76.718,2019,neg,1527.860288151652,1,5380.0,4,0,False,0.0,0.0
0.3291681144164258,-0.3918809690628066,5426,0,42.79187400059613,moraine,29.218,83.702,2019,neg,28.576222250042587,0,5834.0,0,0,False,490.9639792097664,0.8310181953810512
-3.414317389012562,-0.0469818232883184,4045,0,21.534712872748024,other,29.288,96.134,2019,neg,24.0815432954992,0,4535.0,0,0,False,998.0986212138706,0.2003810001828911
4.99626613817095,1.7943004809665295,3631,0,55.14598126197028,moraine,30.537,94.759,2019,neg,14875.867047632644,1,4472.0,3,0,False,0.0,0.0
7.962485094712875,-0.7946541889436787,4133,0,69.57354264505788,other,29.828,94.462,2019,neg,,0,,0,0,False,,
-1.030663872984519,-3.2823450314999576,5300,0,94.33995173482124,moraine,28.014,90.353,2019,neg,974.4195237089504,1,5490.0,3,0,False,0.0,0.0
4.965895508862644,-1.5072011393459888,5350,0,109.3883172443761,moraine,27.963,88.797,2019,neg,4368.526378779532,1,6109.0,6,0,False,0.0,0.0
11.98698908461018,0.6399065461502744,4490,0,79.67959990386296,other,29.657,93.752,2019,neg,253.38212923119912,1,5146.0,5,0,False,0.0,0.0
1.0683770788094695,-0.062776954023765,4390,0,33.06786227500412,moraine,28.991,97.549,2019,neg,886.0623125346364,1,5266.0,11,0,False,0.0,0.0
,0.5536061529998351,3537,0,5.5363699162764615,other,28.27,93.781,2019,neg,,0,,0,0,False,,
0.8178804468830154,-0.8963012745032394,4104,0,4.639643857073343,other,28.888,94.03,2019,neg,,0,,0,0,False,,
0.6145998991823817,-0.0614613163347741,5413,0,45.63430243605706,other,31.182,81.195,2019,neg,2.285928926214285,0,5791.0,0,0,False,949.7275531245512,0.3980088802903536
0.0313702773406049,0.5184662950022684,4352,0,14.771324082150755,other,28.939,96.74,2019,neg,5.295771333438602,0,4780.0,0,0,False,237.78978948970376,0.8074358466443471
-2.366158217314009,-0.9210394053342568,5032,0,56.53483270969065,moraine,27.831,92.345,2019,neg,6515.877858015618,1,6107.0,15,0,False,0.0,0.0
-2.10543201542439,-3.620215238663464,5706,0,14.844679903151098,moraine,32.492,78.852,2019,neg,261.99885033092033,1,5957.0,5,0,False,0.0,0.0
1.831988976880242,1.9595143038861316,5544,0,32.78977156977915,moraine,28.374,86.259,2019,neg,3043.3115161241885,1,6069.0,4,0,False,0.0,0.0
0.1257609094744523,-0.518769669010473,4001,0,42.83793866383584,other,28.935,96.369,2019,neg,,0,,0,0,False,,
0.3492962505466657,0.029107347326812,4378,0,19.211140492718854,other,35.869,72.94,2019,neg,80.57314886430754,0,4691.0,0,0,False,798.9371307177487,0.3880155122112079
2.6097216879183125,-1.672054837809847,4262,0,14.533222221663316,other,29.529,94.001,2019,neg,29.642765924594876,0,5015.0,0,0,False,2088.89519584878,0.3604776350179856
3.9736524771094377,2.033922945910804,5037,0,27.08336120661068,other,30.217,92.569,2019,neg,24.10148179170432,0,5627.0,0,0,False,2635.090164803544,0.2239012569211219
0.9101891395109408,-0.5814732859623206,4116,0,6.340981182897771,moraine,33.844,76.375,2019,neg,34484.000867346665,1,5005.0,5,0,False,0.0,0.0
0.770574960543837,0.1333684414004317,5226,0,18.152921620427392,other,34.39,78.089,2019,neg,1151.5764212299684,1,5630.0,4,0,False,0.0,0.0
-6.172590006561168,1.1906814975511917,4533,0,33.95537431901302,moraine,35.092,76.252,2019,neg,883.1558493960019,1,5293.0,7,0,False,0.0,0.0
0.2059387202746286,6.291196168461965e-07,4753,0,11.694418823463243,other,35.011,76.32,2019,neg,125.39533373280244,0,5026.0,0,0,False,1460.8717381935887,0.192350904363079
-1.5482859911681033,-5.481480097602753,4873,0,26.929477177975865,moraine,28.426,85.564,2019,neg,3755.3151047202455,1,5127.0,1,0,False,0.0,0.0
7.900113637072314,7.114750468616722,4141,0,62.66638411580005,other,29.032,97.512,2019,neg,38.70576866466583,0,5086.0,0,0,False,420.991192311401,0.5130748669920581
-3.6790233750999746,-0.6982312662103457,5046,0,13.354218516250048,moraine,30.162,81.748,2019,neg,143.8361116613414,0,5182.0,0,0,False,587.498990285461,0.2314897595550227
3.7694394600443544,-0.2681339628115687,4074,0,22.475129046803687,other,28.568,93.563,2019,neg,8.16759520593315,0,4852.0,0,0,False,2904.3662975185666,0.3477522793398767
1.3677589372807764,0.3181987580939692,4472,0,7.077391858805178,other,27.681,87.517,2019,neg,7.219977195821295,0,4945.0,0,0,False,3285.8304222112347,0.149125163820916
10.338854976677585,-0.0634257410927006,4801,0,59.38352737932642,other,28.016,90.929,2019,neg,10.997043697254798,0,5280.0,0,0,False,1412.6022052878798,0.3723624372317926
1.526412857071858,-6.183047695787432,4429,0,9.913313004612093,other,28.819,82.867,2019,neg,,0,,0,0,False,,
6.376074124525382,3.3845337583237125,4270,0,52.42161568243982,moraine,28.786,97.219,2019,neg,141.96793676479567,1,4989.0,4,0,False,0.0,0.0
1.7268288430969558,0.0784863524385652,3668,0,8.712638054582518,other,29.062,95.263,2019,neg,,0,,0,0,False,,
1.349477200099903,0.0752300970172655,5468,0,30.628010544138167,moraine,32.409,78.9,2019,neg,1265.144243369981,1,5699.0,5,0,False,0.0,0.0
0.1747854883288495,-0.7624133151466237,4263,0,1.2710616830368662,other,27.79,90.784,2019,neg,,0,,0,0,False,,
0.4588808964990647,0.7278798204802207,5107,0,16.377423496584765,other,28.23,92.042,2019,neg,38.6257738342404,0,5482.0,0,0,False,3104.4816676571436,0.1207931114255865
1.9382581013925004,0.9691588864645336,4667,0,13.26622017016386,other,27.795,91.838,2019,neg,18.05715233852235,1,4667.0,1,0,False,0.0,0.0
1.686658050088111,0.2546006081943382,4454,0,8.831067066488202,other,27.62,87.712,2019,neg,5.297809721582489,0,4995.0,0,0,False,4982.265840675888,0.1358819504316451
39.329149644692855,0.4005660848527839,4886,0,202.1149069741277,other,30.935,92.828,2019,neg,,0,,0,0,False,,
0.253108439329187,-0.790929048761478,5106,0,8.700563780413358,other,28.261,85.915,2019,neg,36.75745349043571,0,5700.0,0,0,False,4073.721632991978,0.1458126139963402
-2.2171389953115352,-0.4910069354536546,5123,0,101.12927356526944,other,28.145,89.841,2019,neg,1468.531361292856,1,5529.0,5,0,False,0.0,0.0
0.7430431221813926,-0.8942369316977554,5058,0,23.049420423780084,other,32.399,79.622,2019,neg,32.62592954693783,0,5512.0,0,0,False,851.9127499495696,0.5329184238959627
1.0651404727269154,-3.1485707541251484,4550,0,47.768875799816136,moraine,30.732,94.211,2019,neg,321.21309521306637,1,5837.0,7,0,False,0.0,0.0
4.224955204982419,4.939694191528801,4609,0,38.51705417786325,other,27.825,92.647,2019,neg,50.76806186748238,1,4613.0,1,0,False,0.0,0.0
5.445899964647396,-0.6729097040550244,4251,0,39.98281198755714,moraine,29.387,95.987,2019,neg,605.5937672545657,1,4642.0,2,0,False,0.0,0.0
0.722362245701936,0.751859198860949,3873,0,17.838064118158318,other,34.83,73.985,2019,neg,14.85642686942912,0,4465.0,0,0,False,652.0101238776917,0.907961361825497
9.680103953779852,7.252391578724312,3282,0,49.346362893337634,other,28.627,96.565,2019,neg,24.808290144078455,0,4459.0,0,0,False,2279.568285821412,0.1583633191623906
0.8299096317195517,-0.5010856577586733,4951,0,15.893667406417109,other,29.322,93.265,2019,neg,22.107759750519502,0,5455.0,0,0,False,2541.2409858582114,0.197541281127444
-17.226358962233938,-49.59165209792711,4473,0,624.5363505539437,other,28.144,89.396,2019,neg,,0,,0,0,False,,
29.15614935639801,-0.8405681923148108,4385,0,159.87170998059196,other,29.915,94.28,2019,neg,1.2519148526111774,0,5192.0,0,0,False,1275.0612978219997,0.6329107481957768
3.377336422839497,0.8096526320903742,4052,0,17.975999017699174,other,29.948,94.161,2019,neg,36.849567676100335,0,5048.0,0,0,False,2858.4382857473506,0.0934076489708756
0.8728281079704748,-0.8892992181270124,4509,0,6.427106840129484,other,27.913,90.845,2019,neg,435.01389673558,0,5171.0,0,0,False,888.7173436894077,0.2396712537596656
8.13625304580429,0.0442227734367477,3883,0,41.86054273336643,other,34.846,74.787,2019,neg,7.197716240918287,0,4349.0,0,0,False,4388.257597868714,0.0793025459966198
3.2957447500857255,-0.123774878795119,5140,0,20.19307389243923,other,30.507,92.735,2019,neg,3.327261296856226,0,5538.0,0,0,False,1525.9698643077677,0.2608177325838256
10.834188202736073,5.7291045857566845,4738,0,98.11436647765336,moraine,29.65,93.337,2019,neg,884.356661061202,1,5329.0,6,0,False,0.0,0.0
5.356852760463391,2.4453698703441615,4448,0,28.18594896594641,other,29.881,94.207,2019,neg,31.010812933864056,0,4836.0,0,0,False,1009.3257461528416,0.2526439070557361
-0.3585823818169427,-0.8571169682845966,4810,0,7.4056613745854705,other,29.762,96.375,2019,neg,35.23069393691976,0,5100.0,0,0,False,992.0255007664408,0.3024115809202681
0.1900421651976188,0.0633472891095273,5470,0,27.238848093578863,moraine,28.142,87.112,2019,neg,274.145757189049,0,5657.0,0,0,False,20.409632373066305,9.162340437193553
0.7208098594302829,1.3008491456958866,4133,0,13.319535429805915,other,29.249,96.028,2019,neg,99.4275159689636,0,4478.0,0,0,False,1013.4123940321048,0.3404339655126326
1.2237822269145062,-0.413359986422985,3868,0,6.277840388516781,other,27.756,91.529,2019,neg,,0,,0,0,False,,
6.716091360117593,4.167584436580169,3760,0,35.15336537159357,other,28.847,96.355,2019,neg,,0,,0,0,False,,
12.731224556437844,7.603655611574415,4268,0,72.25479605058453,other,28.541,96.618,2019,neg,2.70801634784363,0,4170.0,0,0,False,241.23794686512664,0.7212795592945475
9.279711765131426,5.010527760330784,4164,0,75.76002531708737,other,29.044,96.193,2019,neg,87.30404580530586,1,4646.0,3,0,False,0.0,0.0
5.874164758820269,-2.622940433523657,3598,0,29.60642093057068,other,29.005,95.905,2019,neg,,0,,0,0,False,,
0.5511196037178678,-2.8015506970829502,5545,0,15.667508376295132,other,28.747,87.625,2019,neg,35.65224839230599,0,5920.0,0,0,False,1744.3060373341275,0.2132653284675539
0.6604713875891541,2.264933693318182,5356,0,22.7229878307468,other,28.909,84.348,2019,neg,3451.0314338348576,1,6054.0,3,0,False,0.0,0.0
0.7906230033224133,0.0948709896057067,5307,0,60.2461686721027,moraine,28.303,86.157,2019,neg,1144.4593413118346,1,5588.0,2,0,False,0.0,0.0
3.519501506400682,3.472381853747366,5135,0,44.41312584684461,moraine,30.338,81.913,2019,neg,579.4317251320731,1,5821.0,12,0,False,0.0,0.0
-0.0909613197423269,0.4093002237783949,4452,0,41.46288150304946,other,32.423,80.865,2019,neg,,0,,0,0,False,,
2.5532929534335205,-5.623362774968122,4562,0,16.682757890449615,other,29.287,93.736,2019,neg,,0,,0,0,False,,
0.5278572173605319,-0.6982851733060871,4955,0,5.976112563344361,other,30.199,92.413,2019,neg,12.762290372459931,0,5547.0,0,0,False,1919.5112897328656,0.3078908694943119
0.6767829196065136,-0.3619272436155896,4457,0,18.255340059413893,other,28.796,97.183,2019,neg,44.39818730158868,1,4789.0,3,0,False,0.0,0.0
,1.701264332184829,3664,0,19.714921691249188,other,27.719,96.877,2019,neg,,0,,0,0,False,,
1.6759271643945477,1.45871670223107,4337,0,18.698581537159612,other,30.233,93.577,2019,neg,148.14433803591464,1,5197.0,4,0,False,0.0,0.0
0.2066899268553598,0.0476972549461098,5117,0,11.12950017251877,other,27.715,92.386,2019,neg,531.5937819800507,1,5352.0,3,0,False,0.0,0.0
6.259066889073913,3.508272847559603,3712,0,34.83352991054745,other,28.898,96.55,2019,neg,3.9769565874604633,0,4872.0,0,0,False,842.6114676193108,0.8485524200378374
0.2537058387141499,1.1416844080134971,5376,0,34.88485700522027,moraine,28.005,90.328,2019,neg,139.59920595196866,1,5526.0,1,0,False,0.0,0.0
-0.1872705121790545,0.4369682398607722,5123,0,34.33259020484273,other,29.656,92.783,2019,neg,19.40969471968003,0,5608.0,0,0,False,729.9546190919066,0.6603150215004157
10.499812174116562,0.5427838398140296,5580,0,169.58958950356177,moraine,30.302,81.399,2019,neg,3179.3390426039427,1,6337.0,19,0,False,0.0,0.0
1.2049293015575178,0.7927176318415015,4957,0,20.214728467819977,moraine,28.018,90.843,2019,neg,2420.3727851348563,1,5188.0,3,0,False,0.0,0.0
0.444230440580462,0.0158661849603163,5034,0,55.68741842252895,moraine,27.947,88.332,2019,neg,306.8458929630518,0,5117.0,0,0,False,1676.2428431761728,0.0495154985077998
